match_date_utc,league,bo_format,team1,team2,proba_team1_pct,proba_team2_pct,last_proba_team1_pct,last_proba_team2_pct,status,used_team1,used_team2,roster1_size,roster2_size,as_of,league_like,debug_error,symmetry_check,order_key,flip_applied
2026-01-12T05:00:00+00:00,LCK Challengers,BO3,NS Challengers,DNS Challengers,50.0,50.0,50.0,50.0,no_roster:NS Challengers+DNS Challengers,NS Challengers,DNS Challengers,0,0,2026-01-12,LCK,,skipped,,
2026-01-12T07:00:00+00:00,LCK Challengers,BO3,BNK FEARX Youth,BRO Challengers,50.0,50.0,50.0,50.0,no_roster:BNK FEARX Youth+BRO Challengers,BNK FEARX Youth,BRO Challengers,0,0,2026-01-12,LCK,,skipped,,
2026-01-12T09:00:00+00:00,LCK Challengers,BO3,T1 Esports Academy,kt Challengers,50.0,50.0,50.0,50.0,no_roster:T1 Esports Academy+kt Challengers,T1 Esports Academy,kt Challengers,0,0,2026-01-12,LCK,,skipped,,
2026-01-13T08:00:00+00:00,LCK Challengers,BO3,Gen.G Global Academy,DK Challengers,50.0,50.0,50.0,50.0,no_roster:Gen.G Global Academy+DK Challengers,Gen.G Global Academy,DK Challengers,0,0,2026-01-13,LCK,,skipped,,
2026-01-13T10:00:00+00:00,LCK Challengers,BO3,DRX Challengers,HLE Challengers,50.0,50.0,50.0,50.0,no_roster:DRX Challengers+HLE Challengers,DRX Challengers,HLE Challengers,0,0,2026-01-13,LCK,,skipped,,
2026-01-13T16:00:00+00:00,Arabian League,BO3,NextGeneration Esports,BAAM Esports,50.0,50.0,50.0,66.6,no_roster:NextGeneration Esports,NextGeneration Esports,GAM Esports,0,5,2026-01-13,ARABIAN LEAGUE,,skipped,,
2026-01-13T18:00:00+00:00,Road of Legends,BO1,Dynasty,ZennIT,50.0,50.0,50.0,50.0,no_roster:Dynasty+ZennIT,Dynasty,ZennIT,0,0,2026-01-13,ROAD OF LEGENDS,,skipped,,
2026-01-13T18:00:00+00:00,Road of Legends,BO1,Frites Esports Club,Senshi eSports,50.0,50.0,50.0,50.0,no_roster:Senshi eSports,Chiefs Esports Club,Senshi eSports,5,0,2026-01-13,ROAD OF LEGENDS,,skipped,,
2026-01-13T18:00:00+00:00,Road of Legends,BO1,Once Upon a Team,Myth Esports,50.0,50.0,50.0,50.0,no_roster:Once Upon a Team,Once Upon a Team,GAM Esports,0,5,2026-01-13,ROAD OF LEGENDS,,skipped,,
2026-01-13T18:00:00+00:00,Road of Legends,BO1,The Bandits,mCon Esports,50.0,50.0,50.0,50.0,no_roster:The Bandits,The Bandits,Top Esports,0,5,2026-01-13,ROAD OF LEGENDS,,skipped,,
2026-01-13T18:30:00+00:00,Arabian League,BO3,Dragons Esports,3BL GALAXY ESPORTS,50.0,50.0,50.0,50.0,no_roster:3BL GALAXY ESPORTS,Frank Esports,3BL GALAXY ESPORTS,5,0,2026-01-13,ARABIAN LEAGUE,,skipped,,
2026-01-13T19:00:00+00:00,Road of Legends,BO1,Dynasty,Senshi eSports,50.0,50.0,50.0,50.0,no_roster:Dynasty+Senshi eSports,Dynasty,Senshi eSports,0,0,2026-01-13,ROAD OF LEGENDS,,skipped,,
2026-01-13T19:00:00+00:00,Road of Legends,BO1,Frites Esports Club,Once Upon a Team,50.0,50.0,50.0,50.0,no_roster:Once Upon a Team,Chiefs Esports Club,Once Upon a Team,5,0,2026-01-13,ROAD OF LEGENDS,,skipped,,
2026-01-13T19:00:00+00:00,Road of Legends,BO1,Myth Esports,mCon Esports,44.6,55.4,50.0,50.0,ok,GAM Esports,Top Esports,5,5,2026-01-13,ROAD OF LEGENDS,ValueError: Roster vide : impossible d'agréger les features.,skipped,GAM Esports|Top Esports,no
2026-01-13T19:00:00+00:00,Road of Legends,BO1,The Bandits,ZennIT,50.0,50.0,50.0,50.0,no_roster:The Bandits+ZennIT,The Bandits,ZennIT,0,0,2026-01-13,ROAD OF LEGENDS,,skipped,,
2026-01-13T20:00:00+00:00,Road of Legends,BO1,Dynasty,The Bandits,50.0,50.0,50.0,50.0,no_roster:Dynasty+The Bandits,Dynasty,The Bandits,0,0,2026-01-13,ROAD OF LEGENDS,,skipped,,
2026-01-13T20:00:00+00:00,Road of Legends,BO1,Frites Esports Club,Myth Esports,45.1,54.9,50.0,44.6,ok,Chiefs Esports Club,GAM Esports,5,5,2026-01-13,ROAD OF LEGENDS,ValueError: Roster vide : impossible d'agréger les features.,skipped,Chiefs Esports Club|GAM Esports,no
2026-01-13T20:00:00+00:00,Road of Legends,BO1,Once Upon a Team,mCon Esports,50.0,50.0,50.0,55.4,no_roster:Once Upon a Team,Once Upon a Team,Top Esports,0,5,2026-01-13,ROAD OF LEGENDS,,skipped,,
2026-01-13T20:00:00+00:00,Road of Legends,BO1,ZennIT,Senshi eSports,50.0,50.0,50.0,50.0,no_roster:ZennIT+Senshi eSports,ZennIT,Senshi eSports,0,0,2026-01-13,ROAD OF LEGENDS,,skipped,,
2026-01-13T21:00:00+00:00,Road of Legends,BO1,Dynasty,Once Upon a Team,50.0,50.0,50.0,50.0,no_roster:Dynasty+Once Upon a Team,Dynasty,Once Upon a Team,0,0,2026-01-13,ROAD OF LEGENDS,,skipped,,
2026-01-13T21:00:00+00:00,Road of Legends,BO1,Frites Esports Club,mCon Esports,45.6,54.4,45.1,50.0,ok,Chiefs Esports Club,Top Esports,5,5,2026-01-13,ROAD OF LEGENDS,ValueError: Roster vide : impossible d'agréger les features.,skipped,Chiefs Esports Club|Top Esports,no
2026-01-13T21:00:00+00:00,Road of Legends,BO1,The Bandits,Senshi eSports,50.0,50.0,50.0,50.0,no_roster:The Bandits+Senshi eSports,The Bandits,Senshi eSports,0,0,2026-01-13,ROAD OF LEGENDS,,skipped,,
2026-01-13T21:00:00+00:00,Road of Legends,BO1,ZennIT,Myth Esports,50.0,50.0,50.0,54.9,no_roster:ZennIT,ZennIT,GAM Esports,0,5,2026-01-13,ROAD OF LEGENDS,,skipped,,
2026-01-14T08:00:00+00:00,LCK,BO3,kt Rolster,DN SOOPers,50.0,50.0,51.7,50.0,no_roster:DN SOOPers,KT Rolster,DN SOOPers,5,0,2026-01-14,LCK,,skipped,,
2026-01-14T09:00:00+00:00,LPL,BO3,WeiboGaming Faw Audi,Invictus Gaming,50.0,50.0,50.0,50.0,no_roster:WeiboGaming Faw Audi,WeiboGaming Faw Audi,Invictus Gaming,0,5,2026-01-14,LPL,,skipped,,
2026-01-14T10:00:00+00:00,LCK,BO3,Dplus KIA,BRION,50.0,50.0,50.0,50.0,no_roster:BRION,Dplus KIA,BRION,5,0,2026-01-14,LCK,,skipped,,
2026-01-14T11:00:00+00:00,LPL,BO3,Beijing JDG Intel Esports,TOPESPORTS,50.0,50.0,50.0,7.8,no_roster:Beijing JDG Intel Esports,Beijing JDG Intel Esports,Top Esports,0,5,2026-01-14,LPL,,skipped,,
2026-01-14T16:00:00+00:00,Arabian League,BO3,GNG Amazigh,Anubis Gaming,50.0,50.0,50.0,50.0,no_roster:GNG Amazigh+Anubis Gaming,GNG Amazigh,Anubis Gaming,0,0,2026-01-14,ARABIAN LEAGUE,,skipped,,
2026-01-14T16:00:00+00:00,Hellenic Legends League,BO2,GOAL esports,Gamespace M.C.,50.0,50.0,50.0,50.0,no_roster:Gamespace M.C.,GAM Esports,Gamespace M.C.,5,0,2026-01-14,HELLENIC LEGENDS LEAGUE,,skipped,,
2026-01-14T17:00:00+00:00,LoL Italian Tournament,BO1,HMBLE,Deacoy,50.0,50.0,50.0,50.0,no_roster:HMBLE+Deacoy,HMBLE,Deacoy,0,0,2026-01-14,LOL ITALIAN TOURNAMENT,,skipped,,
2026-01-14T18:00:00+00:00,Hellenic Legends League,BO2,WLGaming,Team Insidious,50.0,50.0,50.0,50.0,no_roster:WLGaming+Team Insidious,WLGaming,Team Insidious,0,0,2026-01-14,HELLENIC LEGENDS LEAGUE,,skipped,,
2026-01-14T18:00:00+00:00,LoL Italian Tournament,BO1,Axolotl esports,EKO Esports,50.0,50.0,50.0,50.0,no_roster:Axolotl esports,Axolotl esports,Kyo eSports,0,4,2026-01-14,LOL ITALIAN TOURNAMENT,,skipped,,
2026-01-14T18:30:00+00:00,Arabian League,BO3,One More Esports,FN Esports,50.0,50.0,50.0,15.0,no_roster:One More Esports,One More Esports,LNG Esports,0,5,2026-01-14,ARABIAN LEAGUE,,skipped,,
2026-01-14T19:00:00+00:00,LoL Italian Tournament,BO1,Zena Esports,GMBLERS Esports,50.0,50.0,43.9,50.0,no_roster:GMBLERS Esports,LNG Esports,GMBLERS Esports,5,0,2026-01-14,LOL ITALIAN TOURNAMENT,,skipped,,
2026-01-14T20:00:00+00:00,LoL Italian Tournament,BO1,Colossal Gaming,P11 Esports,50.0,50.0,50.0,50.0,no_roster:Colossal Gaming,Colossal Gaming,Top Esports,0,5,2026-01-14,LOL ITALIAN TOURNAMENT,,skipped,,
2026-01-15T05:00:00+00:00,LCK Challengers,BO3,BNK FEARX Youth,DNS Challengers,50.0,50.0,50.0,50.0,no_roster:BNK FEARX Youth+DNS Challengers,BNK FEARX Youth,DNS Challengers,0,0,2026-01-15,LCK,,skipped,,
2026-01-15T05:00:00+00:00,LCK Challengers,BO3,Gen.G Global Academy,HLE Challengers,50.0,50.0,50.0,50.0,no_roster:Gen.G Global Academy+HLE Challengers,Gen.G Global Academy,HLE Challengers,0,0,2026-01-15,LCK,,skipped,,
2026-01-15T05:00:00+00:00,LCK Challengers,BO3,T1 Esports Academy,BRO Challengers,50.0,50.0,50.0,50.0,no_roster:T1 Esports Academy+BRO Challengers,T1 Esports Academy,BRO Challengers,0,0,2026-01-15,LCK,,skipped,,
2026-01-15T07:00:00+00:00,LPL,BO3,Ultra Prime,Hangzhou LGD Gaming,50.0,50.0,31.2,50.0,no_roster:Hangzhou LGD Gaming,Ultra Prime,Hangzhou LGD Gaming,5,0,2026-01-15,LPL,,skipped,,
2026-01-15T08:00:00+00:00,LCK,BO3,Gen.G Esports,DRX,50.8,49.2,31.8,74.2,ok,Gen.G,DRX,5,5,2026-01-15,LCK,,ok,DRX|Gen.G,yes
2026-01-15T09:00:00+00:00,LPL,BO3,Invictus Gaming,Anyone's Legend,19.6,80.4,50.0,70.0,ok,Invictus Gaming,Anyone's Legend,5,5,2026-01-15,LPL,,ok,Anyone's Legend|Invictus Gaming,yes
2026-01-15T10:00:00+00:00,LCK,BO3,BNK FEARX,NONGSHIM RED FORCE,79.6,20.4,50.0,11.7,ok,BNK FEARX,Nongshim RedForce,5,5,2026-01-15,LCK,,ok,BNK FEARX|Nongshim RedForce,no
2026-01-15T11:00:00+00:00,LPL,BO3,WeiboGaming Faw Audi,BILIBILI GAMING DREAMSMART,50.0,50.0,50.0,50.0,no_roster:WeiboGaming Faw Audi,WeiboGaming Faw Audi,Bilibili Gaming,0,5,2026-01-15,LPL,,skipped,,
2026-01-15T16:00:00+00:00,Arabian League,BO3,GNG Amazigh,FN Esports,50.0,50.0,50.0,50.0,no_roster:GNG Amazigh,GNG Amazigh,LNG Esports,0,5,2026-01-15,ARABIAN LEAGUE,,skipped,,
2026-01-15T16:00:00+00:00,Hellenic Legends League,BO2,ALMO Players,Team Phantasma,50.0,50.0,50.0,50.0,no_roster:ALMO Players+Team Phantasma,ALMO Players,Team Phantasma,0,0,2026-01-15,HELLENIC LEGENDS LEAGUE,,skipped,,
2026-01-15T17:00:00+00:00,LoL Italian Tournament,BO1,Axolotl esports,Zena Esports,50.0,50.0,50.0,50.0,no_roster:Axolotl esports,Axolotl esports,LNG Esports,0,5,2026-01-15,LOL ITALIAN TOURNAMENT,,skipped,,
2026-01-15T17:00:00+00:00,NLC,BO1,4 Swines & A Bum,DMG Esports,50.0,50.0,50.0,50.0,no_roster:4 Swines & A Bum,4 Swines & A Bum,G2 Esports,0,5,2026-01-15,NLC,,skipped,,
2026-01-15T18:00:00+00:00,Hellenic Legends League,BO2,HowL Esports,Team Paradox,50.0,50.0,50.0,50.0,no_roster:Team Paradox,Top Esports,Team Paradox,5,0,2026-01-15,HELLENIC LEGENDS LEAGUE,,skipped,,
2026-01-15T18:00:00+00:00,LoL Italian Tournament,BO1,Colossal Gaming,Deacoy,50.0,50.0,50.0,50.0,no_roster:Colossal Gaming+Deacoy,Colossal Gaming,Deacoy,0,0,2026-01-15,LOL ITALIAN TOURNAMENT,,skipped,,
2026-01-15T18:00:00+00:00,NLC,BO1,Deer Gaming,Bulldog Esports,50.0,50.0,50.0,50.0,no_roster:Bulldog Esports,JD Gaming,Bulldog Esports,5,0,2026-01-15,NLC,,skipped,,
2026-01-15T18:00:00+00:00,Road of Legends,BO1,Dynasty,Frites Esports Club,50.0,50.0,50.0,45.6,no_roster:Dynasty,Dynasty,Chiefs Esports Club,0,5,2026-01-15,ROAD OF LEGENDS,,skipped,,
2026-01-15T18:00:00+00:00,Road of Legends,BO1,Once Upon a Team,Senshi eSports,50.0,50.0,50.0,50.0,no_roster:Once Upon a Team+Senshi eSports,Once Upon a Team,Senshi eSports,0,0,2026-01-15,ROAD OF LEGENDS,,skipped,,
2026-01-15T18:00:00+00:00,Road of Legends,BO1,The Bandits,Myth Esports,50.0,50.0,50.0,50.0,no_roster:The Bandits,The Bandits,GAM Esports,0,5,2026-01-15,ROAD OF LEGENDS,,skipped,,
2026-01-15T18:00:00+00:00,Road of Legends,BO1,ZennIT,mCon Esports,50.0,50.0,50.0,54.4,no_roster:ZennIT,ZennIT,Top Esports,0,5,2026-01-15,ROAD OF LEGENDS,,skipped,,
2026-01-15T18:30:00+00:00,Arabian League,BO3,NextGeneration Esports,One More Esports,50.0,50.0,50.0,50.0,no_roster:NextGeneration Esports+One More Esports,NextGeneration Esports,One More Esports,0,0,2026-01-15,ARABIAN LEAGUE,,skipped,,
2026-01-15T19:00:00+00:00,LoL Italian Tournament,BO1,HMBLE,EKO Esports,50.0,50.0,50.0,50.0,no_roster:HMBLE,HMBLE,Kyo eSports,0,4,2026-01-15,LOL ITALIAN TOURNAMENT,,skipped,,
2026-01-15T19:00:00+00:00,NLC,BO1,Lund Esports Organization,Lundqvist Lightside,50.0,50.0,50.0,50.0,no_roster:Lund Esports Organization+Lundqvist Lightside,Lund Esports Organization,Lundqvist Lightside,0,0,2026-01-15,NLC,,skipped,,
2026-01-15T19:00:00+00:00,Road of Legends,BO1,Dynasty,mCon Esports,50.0,50.0,50.0,50.0,no_roster:Dynasty,Dynasty,Top Esports,0,5,2026-01-15,ROAD OF LEGENDS,,skipped,,
2026-01-15T19:00:00+00:00,Road of Legends,BO1,Frites Esports Club,The Bandits,50.0,50.0,50.0,50.0,no_roster:The Bandits,Chiefs Esports Club,The Bandits,5,0,2026-01-15,ROAD OF LEGENDS,,skipped,,
2026-01-15T19:00:00+00:00,Road of Legends,BO1,Myth Esports,Senshi eSports,50.0,50.0,50.0,50.0,no_roster:Senshi eSports,GAM Esports,Senshi eSports,5,0,2026-01-15,ROAD OF LEGENDS,,skipped,,
2026-01-15T19:00:00+00:00,Road of Legends,BO1,ZennIT,Once Upon a Team,50.0,50.0,50.0,50.0,no_roster:ZennIT+Once Upon a Team,ZennIT,Once Upon a Team,0,0,2026-01-15,ROAD OF LEGENDS,,skipped,,
2026-01-15T20:00:00+00:00,LoL Italian Tournament,BO1,P11 Esports,GMBLERS Esports,50.0,50.0,50.0,50.0,no_roster:GMBLERS Esports,Top Esports,GMBLERS Esports,5,0,2026-01-15,LOL ITALIAN TOURNAMENT,,skipped,,
2026-01-15T20:00:00+00:00,NLC,BO1,La BOMBAS,Ruddy Corporation,50.0,50.0,50.0,50.0,no_roster:La BOMBAS+Ruddy Corporation,La BOMBAS,Ruddy Corporation,0,0,2026-01-15,NLC,,skipped,,
2026-01-15T20:00:00+00:00,Road of Legends,BO1,The Bandits,Once Upon a Team,50.0,50.0,50.0,50.0,no_roster:The Bandits+Once Upon a Team,The Bandits,Once Upon a Team,0,0,2026-01-15,ROAD OF LEGENDS,,skipped,,
2026-01-15T20:00:00+00:00,Road of Legends,BO1,mCon Esports,Senshi eSports,50.0,50.0,50.0,50.0,no_roster:Senshi eSports,Top Esports,Senshi eSports,5,0,2026-01-15,ROAD OF LEGENDS,,skipped,,
2026-01-15T21:00:00+00:00,NLC,BO1,Arctic Pandas Oy,Verdant,50.0,50.0,50.0,50.0,no_roster:Arctic Pandas Oy+Verdant,Arctic Pandas Oy,Verdant,0,0,2026-01-15,NLC,,skipped,,
2026-01-15T21:00:00+00:00,Road of Legends,BO1,Dynasty,Myth Esports,50.0,50.0,50.0,50.0,no_roster:Dynasty,Dynasty,GAM Esports,0,5,2026-01-15,ROAD OF LEGENDS,,skipped,,
2026-01-15T21:00:00+00:00,Road of Legends,BO1,Frites Esports Club,ZennIT,50.0,50.0,50.0,50.0,no_roster:ZennIT,Chiefs Esports Club,ZennIT,5,0,2026-01-15,ROAD OF LEGENDS,,skipped,,
2026-01-16T05:00:00+00:00,LCK Challengers,BO3,DRX Challengers,kt Challengers,50.0,50.0,50.0,50.0,no_roster:DRX Challengers+kt Challengers,DRX Challengers,kt Challengers,0,0,2026-01-16,LCK,,skipped,,
2026-01-16T05:00:00+00:00,LCK Challengers,BO3,NS Challengers,DK Challengers,50.0,50.0,50.0,50.0,no_roster:NS Challengers+DK Challengers,NS Challengers,DK Challengers,0,0,2026-01-16,LCK,,skipped,,
2026-01-16T06:00:00+00:00,LCP,BO3,Ground Zero Gaming,Team Secret Whales,47.8,52.2,13.5,26.1,ok,Ground Zero Gaming,Team Secret Whales,5,5,2026-01-16,LCP,,ok,Ground Zero Gaming|Team Secret Whales,no
2026-01-16T08:00:00+00:00,LCK,BO3,DN SOOPers,Dplus KIA,50.0,50.0,50.0,50.0,no_roster:DN SOOPers,DN SOOPers,Dplus KIA,0,5,2026-01-16,LCK,,skipped,,
2026-01-16T08:30:00+00:00,LCP,BO3,Deep Cross Gaming,Fukuoka SoftBank HAWKS gaming,68.9,31.1,74.0,73.2,ok,Deep Cross Gaming,Fukuoka SoftBank HAWKS gaming,5,5,2026-01-16,LCP,,ok,Deep Cross Gaming|Fukuoka SoftBank HAWKS gaming,no
2026-01-16T09:00:00+00:00,LPL,BO3,Oh My God,Suzhou LNG Ninebot Esports,50.0,50.0,50.0,50.0,no_roster:Suzhou LNG Ninebot Esports,Oh My God,Suzhou LNG Ninebot Esports,5,0,2026-01-16,LPL,,skipped,,
2026-01-16T10:00:00+00:00,LCK,BO3,Hanwha Life Esports,T1,86.2,13.8,14.5,16.5,ok,Hanwha Life Esports,T1,5,5,2026-01-16,LCK,,ok,Hanwha Life Esports|T1,no
2026-01-16T11:00:00+00:00,LPL,BO3,SHANGHAI EDWARD GAMING HYCAN,Xi'an Team WE,50.0,50.0,50.0,50.0,no_roster:SHANGHAI EDWARD GAMING HYCAN+Xi'an Team WE,SHANGHAI EDWARD GAMING HYCAN,Xi'an Team WE,0,0,2026-01-16,LPL,,skipped,,
2026-01-16T16:00:00+00:00,Arabian League,BO3,3BL GALAXY ESPORTS,BAAM Esports,50.0,50.0,50.0,50.0,no_roster:3BL GALAXY ESPORTS,3BL GALAXY ESPORTS,GAM Esports,0,5,2026-01-16,ARABIAN LEAGUE,,skipped,,
2026-01-16T17:00:00+00:00,LoL Italian Tournament,BO1,P11 Esports,Deacoy,50.0,50.0,50.0,50.0,no_roster:Deacoy,Top Esports,Deacoy,5,0,2026-01-16,LOL ITALIAN TOURNAMENT,,skipped,,
2026-01-16T18:00:00+00:00,LoL Italian Tournament,BO1,HMBLE,Zena Esports,50.0,50.0,50.0,50.0,no_roster:HMBLE,HMBLE,LNG Esports,0,5,2026-01-16,LOL ITALIAN TOURNAMENT,,skipped,,
2026-01-16T18:30:00+00:00,Arabian League,BO3,Dragons Esports,Anubis Gaming,50.0,50.0,50.0,50.0,no_roster:Anubis Gaming,Frank Esports,Anubis Gaming,5,0,2026-01-16,ARABIAN LEAGUE,,skipped,,
2026-01-16T19:00:00+00:00,LoL Italian Tournament,BO1,Axolotl esports,GMBLERS Esports,50.0,50.0,50.0,50.0,no_roster:Axolotl esports+GMBLERS Esports,Axolotl esports,GMBLERS Esports,0,0,2026-01-16,LOL ITALIAN TOURNAMENT,,skipped,,
2026-01-16T20:00:00+00:00,LoL Italian Tournament,BO1,Colossal Gaming,EKO Esports,50.0,50.0,50.0,50.0,no_roster:Colossal Gaming,Colossal Gaming,Kyo eSports,0,4,2026-01-16,LOL ITALIAN TOURNAMENT,,skipped,,
2026-01-17T06:00:00+00:00,LCP,BO3,GAM Esports,CTBC Flying Oyster,11.2,88.8,87.8,95.8,ok,GAM Esports,CTBC Flying Oyster,5,5,2026-01-17,LCP,,ok,CTBC Flying Oyster|GAM Esports,yes
2026-01-17T08:00:00+00:00,LCK,BO3,BRION,BNK FEARX,50.0,50.0,50.0,79.6,no_roster:BRION,BRION,BNK FEARX,0,5,2026-01-17,LCK,,skipped,,
2026-01-17T08:30:00+00:00,LCP,BO3,DetonatioN FocusMe,MVK Esports,92.1,7.9,14.0,7.9,ok,DetonatioN FocusMe,V3 Esports,5,5,2026-01-17,LCP,,ok,DetonatioN FocusMe|V3 Esports,no
2026-01-17T09:00:00+00:00,LPL,BO3,Anyone's Legend,BILIBILI GAMING DREAMSMART,81.9,18.1,80.4,50.0,ok,Anyone's Legend,Bilibili Gaming,5,5,2026-01-17,LPL,,ok,Anyone's Legend|Bilibili Gaming,no
2026-01-17T10:00:00+00:00,LCK,BO3,Gen.G Esports,kt Rolster,92.7,7.3,50.8,50.0,ok,Gen.G,KT Rolster,5,5,2026-01-17,LCK,,ok,Gen.G|KT Rolster,no
2026-01-17T11:00:00+00:00,LPL,BO3,Beijing JDG Intel Esports,Invictus Gaming,50.0,50.0,50.0,19.6,no_roster:Beijing JDG Intel Esports,Beijing JDG Intel Esports,Invictus Gaming,0,5,2026-01-17,LPL,,skipped,,
2026-01-17T16:00:00+00:00,CBLOL,BO1,Vivo Keyd Stars,paiN Gaming,36.1,63.9,10.7,47.0,ok,Vivo Keyd Stars,paiN Gaming,5,5,2026-01-17,CBLOL,ValueError: Roster vide : impossible d'agréger les features.,skipped,paiN Gaming|Vivo Keyd Stars,yes
2026-01-17T16:00:00+00:00,LEC,BO1,Los Ratones,Fnatic,57.3,42.7,28.7,42.9,ok,Los Grandes,Fnatic,5,5,2026-01-17,LEC,ValueError: Roster vide : impossible d'agréger les features.,skipped,Fnatic|Los Grandes,yes
2026-01-17T16:45:00+00:00,LEC,BO1,Shifters,GIANTX,50.0,50.0,50.0,44.9,no_roster:Shifters,Shifters,GiantX,0,5,2026-01-17,LEC,,skipped,,
2026-01-17T17:00:00+00:00,CBLOL,BO1,RED Canids Kalunga,Fluxo,50.0,50.0,50.0,60.0,no_roster:RED Canids Kalunga,RED Canids Kalunga,Fluxo,0,5,2026-01-17,CBLOL,,skipped,,
2026-01-17T17:30:00+00:00,LEC,BO1,Team Heretics,Natus Vincere,56.9,43.1,52.1,55.7,ok,Team Heretics,Natus Vincere,5,5,2026-01-17,LEC,,ok,Natus Vincere|Team Heretics,yes
2026-01-17T18:00:00+00:00,CBLOL,BO1,FURIA,LOUD,44.9,55.1,50.0,50.0,ok,FURIA,LOUD,5,5,2026-01-17,CBLOL,ValueError: Roster vide : impossible d'agréger les features.,skipped,FURIA|LOUD,no
2026-01-17T18:15:00+00:00,LEC,BO1,Team Vitality,SK Gaming,56.5,43.5,57.1,43.5,ok,Team Vitality,SK Gaming,5,5,2026-01-17,LEC,,ok,SK Gaming|Team Vitality,yes
2026-01-17T19:00:00+00:00,CBLOL,BO1,LOS,Vivo Keyd Stars,50.0,50.0,50.0,36.1,no_roster:LOS,LOS,Vivo Keyd Stars,0,5,2026-01-17,CBLOL,,skipped,,
2026-01-17T19:00:00+00:00,LEC,BO1,Karmine Corp Blue,Karmine Corp,60.9,39.1,51.3,51.3,ok,Karmine Corp,Karmine Corp,5,5,2026-01-17,LEC,,mismatch:0.6093,Karmine Corp|Karmine Corp,no
2026-01-17T19:45:00+00:00,LEC,BO1,Movistar KOI,G2 Esports,32.4,67.6,50.0,60.1,ok,Movistar KOI,G2 Esports,5,5,2026-01-17,LEC,,ok,G2 Esports|Movistar KOI,yes
2026-01-17T20:00:00+00:00,CBLOL,BO1,LEVIATÁN,FURIA,34.3,65.7,51.3,44.9,ok,Leviatan,FURIA,5,5,2026-01-17,CBLOL,ValueError: Roster vide : impossible d'agréger les features.,skipped,FURIA|Leviatan,yes
2026-01-18T06:00:00+00:00,LCP,BO3,Ground Zero Gaming,Deep Cross Gaming,34.6,65.4,47.8,68.9,ok,Ground Zero Gaming,Deep Cross Gaming,5,5,2026-01-18,LCP,,ok,Deep Cross Gaming|Ground Zero Gaming,yes
2026-01-18T08:00:00+00:00,LCK,BO3,NONGSHIM RED FORCE,Hanwha Life Esports,21.1,78.9,20.4,86.2,ok,Nongshim RedForce,Hanwha Life Esports,5,5,2026-01-18,LCK,,ok,Hanwha Life Esports|Nongshim RedForce,yes
2026-01-18T08:30:00+00:00,LCP,BO3,Team Secret Whales,Fukuoka SoftBank HAWKS gaming,26.8,73.2,52.2,31.1,ok,Team Secret Whales,Fukuoka SoftBank HAWKS gaming,5,5,2026-01-18,LCP,,ok,Fukuoka SoftBank HAWKS gaming|Team Secret Whales,yes
2026-01-18T09:00:00+00:00,LPL,BO3,TOPESPORTS,BILIBILI GAMING DREAMSMART,21.8,78.2,50.0,18.1,ok,Top Esports,Bilibili Gaming,5,5,2026-01-18,LPL,,ok,Bilibili Gaming|Top Esports,yes
2026-01-18T10:00:00+00:00,LCK,BO3,DRX,T1,80.2,19.8,49.2,13.8,ok,DRX,T1,5,5,2026-01-18,LCK,,ok,DRX|T1,no
2026-01-18T11:00:00+00:00,LPL,BO3,Beijing JDG Intel Esports,Anyone's Legend,50.0,50.0,50.0,81.9,no_roster:Beijing JDG Intel Esports,Beijing JDG Intel Esports,Anyone's Legend,0,5,2026-01-18,LPL,,skipped,,
2026-01-18T16:00:00+00:00,CBLOL,BO1,Fluxo,LOS,50.0,50.0,50.0,50.0,no_roster:LOS,Fluxo,LOS,5,0,2026-01-18,CBLOL,,skipped,,
2026-01-18T16:00:00+00:00,LEC,BO1,Team Heretics,Shifters,50.0,50.0,56.9,50.0,no_roster:Shifters,Team Heretics,Shifters,5,0,2026-01-18,LEC,,skipped,,
2026-01-18T16:45:00+00:00,LEC,BO1,Los Ratones,Karmine Corp Blue,43.2,56.8,57.3,60.9,ok,Los Grandes,Karmine Corp,5,5,2026-01-18,LEC,ValueError: Roster vide : impossible d'agréger les features.,skipped,Karmine Corp|Los Grandes,yes
2026-01-18T17:00:00+00:00,CBLOL,BO1,paiN Gaming,FURIA,51.6,48.4,63.9,65.7,ok,paiN Gaming,FURIA,5,5,2026-01-18,CBLOL,ValueError: Roster vide : impossible d'agréger les features.,skipped,FURIA|paiN Gaming,yes
2026-01-18T17:30:00+00:00,LEC,BO1,Team Vitality,Natus Vincere,57.6,42.4,56.5,43.1,ok,Team Vitality,Natus Vincere,5,5,2026-01-18,LEC,,ok,Natus Vincere|Team Vitality,yes
2026-01-18T18:00:00+00:00,CBLOL,BO1,Vivo Keyd Stars,Fluxo,40.0,60.0,50.0,50.0,ok,Vivo Keyd Stars,Fluxo,5,5,2026-01-18,CBLOL,ValueError: Roster vide : impossible d'agréger les features.,skipped,Fluxo|Vivo Keyd Stars,yes
2026-01-18T18:15:00+00:00,LEC,BO1,SK Gaming,Fnatic,33.5,66.5,43.5,42.7,ok,SK Gaming,Fnatic,5,5,2026-01-18,LEC,,ok,Fnatic|SK Gaming,yes
2026-01-18T19:00:00+00:00,CBLOL,BO1,paiN Gaming,LOUD,36.3,63.7,51.6,55.1,ok,paiN Gaming,LOUD,5,5,2026-01-18,CBLOL,ValueError: Roster vide : impossible d'agréger les features.,skipped,LOUD|paiN Gaming,yes
2026-01-18T19:00:00+00:00,LEC,BO1,G2 Esports,GIANTX,78.4,21.6,67.6,50.0,ok,G2 Esports,GiantX,5,5,2026-01-18,LEC,,ok,G2 Esports|GiantX,no
2026-01-18T19:45:00+00:00,LEC,BO1,Movistar KOI,Karmine Corp,51.2,48.8,32.4,39.1,ok,Movistar KOI,Karmine Corp,5,5,2026-01-18,LEC,,ok,Karmine Corp|Movistar KOI,yes
2026-01-18T20:00:00+00:00,CBLOL,BO1,LEVIATÁN,RED Canids Kalunga,50.0,50.0,34.3,50.0,no_roster:RED Canids Kalunga,Leviatan,RED Canids Kalunga,5,0,2026-01-18,CBLOL,,skipped,,
2026-01-19T05:00:00+00:00,LCK Challengers,BO3,Gen.G Global Academy,kt Challengers,50.0,50.0,50.0,50.0,no_roster:Gen.G Global Academy+kt Challengers,Gen.G Global Academy,kt Challengers,0,0,2026-01-19,LCK,,skipped,,
2026-01-19T07:00:00+00:00,LCK Challengers,BO3,DRX Challengers,DK Challengers,50.0,50.0,50.0,50.0,no_roster:DRX Challengers+DK Challengers,DRX Challengers,DK Challengers,0,0,2026-01-19,LCK,,skipped,,
2026-01-19T07:00:00+00:00,LPL,BO3,THUNDERTALKGAMING,Xi'an Team WE,50.0,50.0,50.0,50.0,no_roster:Xi'an Team WE,ThunderTalk Gaming,Xi'an Team WE,5,0,2026-01-19,LPL,,skipped,,
2026-01-19T09:00:00+00:00,LCK Challengers,BO3,BNK FEARX Youth,HLE Challengers,50.0,50.0,50.0,50.0,no_roster:BNK FEARX Youth+HLE Challengers,BNK FEARX Youth,HLE Challengers,0,0,2026-01-19,LCK,,skipped,,
2026-01-19T09:00:00+00:00,LPL,BO3,WeiboGaming Faw Audi,TOPESPORTS,50.0,50.0,50.0,21.8,no_roster:WeiboGaming Faw Audi,WeiboGaming Faw Audi,Top Esports,0,5,2026-01-19,LPL,,skipped,,
2026-01-19T11:00:00+00:00,LPL,BO3,SHANGHAI EDWARD GAMING HYCAN,SHENZHEN NINJAS IN PYJAMAS,50.0,50.0,50.0,50.0,no_roster:SHANGHAI EDWARD GAMING HYCAN,SHANGHAI EDWARD GAMING HYCAN,Ninjas in Pyjamas,0,5,2026-01-19,LPL,,skipped,,
2026-01-19T16:00:00+00:00,LEC,BO1,Natus Vincere,Fnatic,37.7,62.3,42.4,66.5,ok,Natus Vincere,Fnatic,5,5,2026-01-19,LEC,,ok,Fnatic|Natus Vincere,yes
2026-01-19T16:45:00+00:00,LEC,BO1,Team Vitality,Karmine Corp Blue,54.6,45.4,57.6,56.8,ok,Team Vitality,Karmine Corp,5,5,2026-01-19,LEC,,ok,Karmine Corp|Team Vitality,yes
2026-01-19T17:30:00+00:00,LEC,BO1,Team Heretics,GIANTX,57.1,42.9,50.0,21.6,ok,Team Heretics,GiantX,5,5,2026-01-19,LEC,,ok,GiantX|Team Heretics,yes
2026-01-19T18:15:00+00:00,LEC,BO1,Shifters,Movistar KOI,50.0,50.0,50.0,51.2,no_roster:Shifters,Shifters,Movistar KOI,0,5,2026-01-19,LEC,,skipped,,
2026-01-19T19:00:00+00:00,LEC,BO1,Los Ratones,Karmine Corp,43.2,56.8,43.2,48.8,ok,Los Grandes,Karmine Corp,5,5,2026-01-19,LEC,ValueError: Roster vide : impossible d'agréger les features.,skipped,Karmine Corp|Los Grandes,yes
2026-01-19T19:45:00+00:00,LEC,BO1,SK Gaming,G2 Esports,21.5,78.5,33.5,78.4,ok,SK Gaming,G2 Esports,5,5,2026-01-19,LEC,,ok,G2 Esports|SK Gaming,yes
2026-01-20T08:00:00+00:00,LCK Challengers,BO3,T1 Esports Academy,DNS Challengers,50.0,50.0,50.0,50.0,no_roster:T1 Esports Academy+DNS Challengers,T1 Esports Academy,DNS Challengers,0,0,2026-01-20,LCK,,skipped,,
2026-01-20T09:00:00+00:00,LPL,BO3,WeiboGaming Faw Audi,Anyone's Legend,50.0,50.0,50.0,50.0,no_roster:WeiboGaming Faw Audi,WeiboGaming Faw Audi,Anyone's Legend,0,5,2026-01-20,LPL,,skipped,,
2026-01-20T10:00:00+00:00,LCK Challengers,BO3,NS Challengers,BRO Challengers,50.0,50.0,50.0,50.0,no_roster:NS Challengers+BRO Challengers,NS Challengers,BRO Challengers,0,0,2026-01-20,LCK,,skipped,,
2026-01-20T11:00:00+00:00,LPL,BO3,Invictus Gaming,BILIBILI GAMING DREAMSMART,19.9,80.1,50.0,78.2,ok,Invictus Gaming,Bilibili Gaming,5,5,2026-01-20,LPL,,ok,Bilibili Gaming|Invictus Gaming,yes
2026-01-20T16:00:00+00:00,Arabian League,BO3,Anubis Gaming,BAAM Esports,50.0,50.0,50.0,50.0,no_roster:Anubis Gaming,Anubis Gaming,GAM Esports,0,5,2026-01-20,ARABIAN LEAGUE,,skipped,,
2026-01-20T18:00:00+00:00,Arabian League,BO3,Dragons Esports,FN Esports,85.0,15.0,50.0,50.0,ok,Frank Esports,LNG Esports,5,5,2026-01-20,ARABIAN LEAGUE,ValueError: Roster vide : impossible d'agréger les features.,skipped,Frank Esports|LNG Esports,no
2026-01-21T08:00:00+00:00,LCK,BO3,Dplus KIA,NONGSHIM RED FORCE,88.3,11.7,50.0,21.1,ok,Dplus KIA,Nongshim RedForce,5,5,2026-01-21,LCK,,ok,Dplus KIA|Nongshim RedForce,no
2026-01-21T09:00:00+00:00,LPL,BO3,Suzhou LNG Ninebot Esports,Hangzhou LGD Gaming,50.0,50.0,50.0,50.0,no_roster:Suzhou LNG Ninebot Esports+Hangzhou LGD Gaming,Suzhou LNG Ninebot Esports,Hangzhou LGD Gaming,0,0,2026-01-21,LPL,,skipped,,
2026-01-21T10:00:00+00:00,LCK,BO3,DRX,DN SOOPers,50.0,50.0,80.2,50.0,no_roster:DN SOOPers,DRX,DN SOOPers,5,0,2026-01-21,LCK,,skipped,,
2026-01-21T11:00:00+00:00,LPL,BO3,Invictus Gaming,TOPESPORTS,80.1,19.9,19.9,50.0,ok,Invictus Gaming,Top Esports,5,5,2026-01-21,LPL,,ok,Invictus Gaming|Top Esports,no
2026-01-21T16:00:00+00:00,Arabian League,BO3,NextGeneration Esports,3BL GALAXY ESPORTS,50.0,50.0,50.0,50.0,no_roster:NextGeneration Esports+3BL GALAXY ESPORTS,NextGeneration Esports,3BL GALAXY ESPORTS,0,0,2026-01-21,ARABIAN LEAGUE,,skipped,,
2026-01-21T16:00:00+00:00,Hellenic Legends League,BO2,WLGaming,HowL Esports,50.0,50.0,50.0,50.0,no_roster:WLGaming,WLGaming,Top Esports,0,5,2026-01-21,HELLENIC LEGENDS LEAGUE,,skipped,,
2026-01-21T17:00:00+00:00,NLC,BO1,4 Swines & A Bum,Bulldog Esports,50.0,50.0,50.0,50.0,no_roster:4 Swines & A Bum+Bulldog Esports,4 Swines & A Bum,Bulldog Esports,0,0,2026-01-21,NLC,,skipped,,
2026-01-21T18:00:00+00:00,Hellenic Legends League,BO2,ALMO Players,GOAL esports,50.0,50.0,50.0,50.0,no_roster:ALMO Players,ALMO Players,GAM Esports,0,5,2026-01-21,HELLENIC LEGENDS LEAGUE,,skipped,,
2026-01-21T18:00:00+00:00,NLC,BO1,Deer Gaming,Ruddy Corporation,50.0,50.0,50.0,50.0,no_roster:Ruddy Corporation,JD Gaming,Ruddy Corporation,5,0,2026-01-21,NLC,,skipped,,
2026-01-21T18:30:00+00:00,Arabian League,BO3,GNG Amazigh,One More Esports,50.0,50.0,50.0,50.0,no_roster:GNG Amazigh+One More Esports,GNG Amazigh,One More Esports,0,0,2026-01-21,ARABIAN LEAGUE,,skipped,,
2026-01-21T19:00:00+00:00,NLC,BO1,Arctic Pandas Oy,Lundqvist Lightside,50.0,50.0,50.0,50.0,no_roster:Arctic Pandas Oy+Lundqvist Lightside,Arctic Pandas Oy,Lundqvist Lightside,0,0,2026-01-21,NLC,,skipped,,
2026-01-21T20:00:00+00:00,NLC,BO1,DMG Esports,Verdant,50.0,50.0,50.0,50.0,no_roster:Verdant,G2 Esports,Verdant,5,0,2026-01-21,NLC,,skipped,,
2026-01-21T21:00:00+00:00,NLC,BO1,La BOMBAS,Lund Esports Organization,50.0,50.0,50.0,50.0,no_roster:La BOMBAS+Lund Esports Organization,La BOMBAS,Lund Esports Organization,0,0,2026-01-21,NLC,,skipped,,
2026-01-22T05:00:00+00:00,LCK Challengers,BO3,BNK FEARX Youth,DK Challengers,50.0,50.0,50.0,50.0,no_roster:BNK FEARX Youth+DK Challengers,BNK FEARX Youth,DK Challengers,0,0,2026-01-22,LCK,,skipped,,
2026-01-22T05:00:00+00:00,LCK Challengers,BO3,DRX Challengers,BRO Challengers,50.0,50.0,50.0,50.0,no_roster:DRX Challengers+BRO Challengers,DRX Challengers,BRO Challengers,0,0,2026-01-22,LCK,,skipped,,
2026-01-22T05:00:00+00:00,LCK Challengers,BO3,NS Challengers,kt Challengers,50.0,50.0,50.0,50.0,no_roster:NS Challengers+kt Challengers,NS Challengers,kt Challengers,0,0,2026-01-22,LCK,,skipped,,
2026-01-22T07:00:00+00:00,LPL,BO3,Oh My God,Ultra Prime,68.8,31.2,50.0,50.0,ok,Oh My God,Ultra Prime,5,5,2026-01-22,LPL,,ok,Oh My God|Ultra Prime,no
2026-01-22T08:00:00+00:00,LCK,BO3,BRION,Hanwha Life Esports,50.0,50.0,50.0,78.9,no_roster:BRION,BRION,Hanwha Life Esports,0,5,2026-01-22,LCK,,skipped,,
2026-01-22T09:00:00+00:00,LPL,BO3,THUNDERTALKGAMING,SHANGHAI EDWARD GAMING HYCAN,50.0,50.0,50.0,50.0,no_roster:SHANGHAI EDWARD GAMING HYCAN,ThunderTalk Gaming,SHANGHAI EDWARD GAMING HYCAN,5,0,2026-01-22,LPL,,skipped,,
2026-01-22T10:00:00+00:00,LCK,BO3,BNK FEARX,Gen.G Esports,61.3,38.7,50.0,92.7,ok,BNK FEARX,Gen.G,5,5,2026-01-22,LCK,,ok,BNK FEARX|Gen.G,no
2026-01-22T11:00:00+00:00,LPL,BO3,Xi'an Team WE,SHENZHEN NINJAS IN PYJAMAS,50.0,50.0,50.0,50.0,no_roster:Xi'an Team WE,Xi'an Team WE,Ninjas in Pyjamas,0,5,2026-01-22,LPL,,skipped,,
2026-01-22T16:00:00+00:00,Arabian League,BO3,Anubis Gaming,3BL GALAXY ESPORTS,50.0,50.0,50.0,50.0,no_roster:Anubis Gaming+3BL GALAXY ESPORTS,Anubis Gaming,3BL GALAXY ESPORTS,0,0,2026-01-22,ARABIAN LEAGUE,,skipped,,
2026-01-22T16:00:00+00:00,Hellenic Legends League,BO2,Team Insidious,Team Phantasma,50.0,50.0,50.0,50.0,no_roster:Team Insidious+Team Phantasma,Team Insidious,Team Phantasma,0,0,2026-01-22,HELLENIC LEGENDS LEAGUE,,skipped,,
2026-01-22T16:00:00+00:00,Hitpoint Masters,BO1,TBD,TBD,50.0,50.0,50.0,50.0,no_roster:TBD+TBD,TBD,TBD,0,0,2026-01-22,HITPOINT MASTERS,,skipped,,
2026-01-22T17:00:00+00:00,Hitpoint Masters,BO1,TBD,TBD,50.0,50.0,50.0,50.0,no_roster:TBD+TBD,TBD,TBD,0,0,2026-01-22,HITPOINT MASTERS,,skipped,,
2026-01-22T17:00:00+00:00,LoL Italian Tournament,BO1,Colossal Gaming,Zena Esports,50.0,50.0,50.0,50.0,no_roster:Colossal Gaming,Colossal Gaming,LNG Esports,0,5,2026-01-22,LOL ITALIAN TOURNAMENT,,skipped,,
2026-01-22T17:00:00+00:00,NLC,BO1,Arctic Pandas Oy,4 Swines & A Bum,50.0,50.0,50.0,50.0,no_roster:Arctic Pandas Oy+4 Swines & A Bum,Arctic Pandas Oy,4 Swines & A Bum,0,0,2026-01-22,NLC,,skipped,,
2026-01-22T18:00:00+00:00,Hellenic Legends League,BO2,Team Paradox,Gamespace M.C.,50.0,50.0,50.0,50.0,no_roster:Team Paradox+Gamespace M.C.,Team Paradox,Gamespace M.C.,0,0,2026-01-22,HELLENIC LEGENDS LEAGUE,,skipped,,
2026-01-22T18:00:00+00:00,Hitpoint Masters,BO1,TBD,TBD,50.0,50.0,50.0,50.0,no_roster:TBD+TBD,TBD,TBD,0,0,2026-01-22,HITPOINT MASTERS,,skipped,,
2026-01-22T18:00:00+00:00,LoL Italian Tournament,BO1,P11 Esports,EKO Esports,57.2,42.8,50.0,50.0,ok,Top Esports,Kyo eSports,5,4,2026-01-22,LOL ITALIAN TOURNAMENT,ValueError: Roster vide : impossible d'agréger les features.,skipped,Kyo eSports|Top Esports,yes
2026-01-22T18:00:00+00:00,NLC,BO1,Lund Esports Organization,Verdant,50.0,50.0,50.0,50.0,no_roster:Lund Esports Organization+Verdant,Lund Esports Organization,Verdant,0,0,2026-01-22,NLC,,skipped,,
2026-01-22T18:30:00+00:00,Arabian League,BO3,Dragons Esports,One More Esports,50.0,50.0,85.0,50.0,no_roster:One More Esports,Frank Esports,One More Esports,5,0,2026-01-22,ARABIAN LEAGUE,,skipped,,
2026-01-22T19:00:00+00:00,Hitpoint Masters,BO1,TBD,TBD,50.0,50.0,50.0,50.0,no_roster:TBD+TBD,TBD,TBD,0,0,2026-01-22,HITPOINT MASTERS,,skipped,,
2026-01-22T19:00:00+00:00,LoL Italian Tournament,BO1,Deacoy,GMBLERS Esports,50.0,50.0,50.0,50.0,no_roster:Deacoy+GMBLERS Esports,Deacoy,GMBLERS Esports,0,0,2026-01-22,LOL ITALIAN TOURNAMENT,,skipped,,
2026-01-22T19:00:00+00:00,NLC,BO1,DMG Esports,Bulldog Esports,50.0,50.0,50.0,50.0,no_roster:Bulldog Esports,G2 Esports,Bulldog Esports,5,0,2026-01-22,NLC,,skipped,,
2026-01-22T20:00:00+00:00,LoL Italian Tournament,BO1,HMBLE,Axolotl esports,50.0,50.0,50.0,50.0,no_roster:HMBLE+Axolotl esports,HMBLE,Axolotl esports,0,0,2026-01-22,LOL ITALIAN TOURNAMENT,,skipped,,
2026-01-22T20:00:00+00:00,NLC,BO1,Lundqvist Lightside,Ruddy Corporation,50.0,50.0,50.0,50.0,no_roster:Lundqvist Lightside+Ruddy Corporation,Lundqvist Lightside,Ruddy Corporation,0,0,2026-01-22,NLC,,skipped,,
2026-01-22T21:00:00+00:00,NLC,BO1,Deer Gaming,La BOMBAS,50.0,50.0,50.0,50.0,no_roster:La BOMBAS,JD Gaming,La BOMBAS,5,0,2026-01-22,NLC,,skipped,,
2026-01-23T05:00:00+00:00,LCK Challengers,BO3,Gen.G Global Academy,DNS Challengers,50.0,50.0,50.0,50.0,no_roster:Gen.G Global Academy+DNS Challengers,Gen.G Global Academy,DNS Challengers,0,0,2026-01-23,LCK,,skipped,,
2026-01-23T05:00:00+00:00,LCK Challengers,BO3,T1 Esports Academy,HLE Challengers,50.0,50.0,50.0,50.0,no_roster:T1 Esports Academy+HLE Challengers,T1 Esports Academy,HLE Challengers,0,0,2026-01-23,LCK,,skipped,,
2026-01-23T06:00:00+00:00,LCP,BO3,CTBC Flying Oyster,DetonatioN FocusMe,86.0,14.0,88.8,92.1,ok,CTBC Flying Oyster,DetonatioN FocusMe,5,5,2026-01-23,LCP,,ok,CTBC Flying Oyster|DetonatioN FocusMe,no
2026-01-23T07:00:00+00:00,LPL,BO3,Oh My God,Hangzhou LGD Gaming,50.0,50.0,68.8,50.0,no_roster:Hangzhou LGD Gaming,Oh My God,Hangzhou LGD Gaming,5,0,2026-01-23,LPL,,skipped,,
2026-01-23T08:00:00+00:00,LCK,BO3,kt Rolster,T1,75.9,24.1,7.3,19.8,ok,KT Rolster,T1,5,5,2026-01-23,LCK,,ok,KT Rolster|T1,no
2026-01-23T08:30:00+00:00,LCP,BO3,MVK Esports,GAM Esports,12.2,87.8,7.9,11.2,ok,V3 Esports,GAM Esports,5,5,2026-01-23,LCP,,ok,GAM Esports|V3 Esports,yes
2026-01-23T09:00:00+00:00,LPL,BO3,THUNDERTALKGAMING,SHANGHAI EDWARD GAMING HYCAN,50.0,50.0,50.0,50.0,no_roster:SHANGHAI EDWARD GAMING HYCAN,ThunderTalk Gaming,SHANGHAI EDWARD GAMING HYCAN,5,0,2026-01-23,LPL,,skipped,,
2026-01-23T10:00:00+00:00,LCK,BO3,NONGSHIM RED FORCE,DRX,25.8,74.2,11.7,50.0,ok,Nongshim RedForce,DRX,5,5,2026-01-23,LCK,,ok,DRX|Nongshim RedForce,yes
2026-01-23T11:00:00+00:00,LPL,BO3,Beijing JDG Intel Esports,BILIBILI GAMING DREAMSMART,50.0,50.0,50.0,80.1,no_roster:Beijing JDG Intel Esports,Beijing JDG Intel Esports,Bilibili Gaming,0,5,2026-01-23,LPL,,skipped,,
2026-01-23T16:00:00+00:00,Arabian League,BO3,FN Esports,BAAM Esports,33.4,66.6,15.0,50.0,ok,LNG Esports,GAM Esports,5,5,2026-01-23,ARABIAN LEAGUE,ValueError: Roster vide : impossible d'agréger les features.,skipped,GAM Esports|LNG Esports,yes
2026-01-23T16:00:00+00:00,Hellenic Legends League,BO2,GOAL esports,WLGaming,50.0,50.0,50.0,50.0,no_roster:WLGaming,GAM Esports,WLGaming,5,0,2026-01-23,HELLENIC LEGENDS LEAGUE,,skipped,,
2026-01-23T16:00:00+00:00,Hitpoint Masters,BO1,TBD,TBD,50.0,50.0,50.0,50.0,no_roster:TBD+TBD,TBD,TBD,0,0,2026-01-23,HITPOINT MASTERS,,skipped,,
2026-01-23T17:00:00+00:00,Hitpoint Masters,BO1,TBD,TBD,50.0,50.0,50.0,50.0,no_roster:TBD+TBD,TBD,TBD,0,0,2026-01-23,HITPOINT MASTERS,,skipped,,
2026-01-23T17:00:00+00:00,LoL Italian Tournament,BO1,Colossal Gaming,Axolotl esports,50.0,50.0,50.0,50.0,no_roster:Colossal Gaming+Axolotl esports,Colossal Gaming,Axolotl esports,0,0,2026-01-23,LOL ITALIAN TOURNAMENT,,skipped,,
2026-01-23T18:00:00+00:00,Hellenic Legends League,BO2,ALMO Players,Team Paradox,50.0,50.0,50.0,50.0,no_roster:ALMO Players+Team Paradox,ALMO Players,Team Paradox,0,0,2026-01-23,HELLENIC LEGENDS LEAGUE,,skipped,,
2026-01-23T18:00:00+00:00,Hitpoint Masters,BO1,TBD,TBD,50.0,50.0,50.0,50.0,no_roster:TBD+TBD,TBD,TBD,0,0,2026-01-23,HITPOINT MASTERS,,skipped,,
2026-01-23T18:00:00+00:00,LoL Italian Tournament,BO1,HMBLE,GMBLERS Esports,50.0,50.0,50.0,50.0,no_roster:HMBLE+GMBLERS Esports,HMBLE,GMBLERS Esports,0,0,2026-01-23,LOL ITALIAN TOURNAMENT,,skipped,,
2026-01-23T18:30:00+00:00,Arabian League,BO3,NextGeneration Esports,GNG Amazigh,50.0,50.0,50.0,50.0,no_roster:NextGeneration Esports+GNG Amazigh,NextGeneration Esports,GNG Amazigh,0,0,2026-01-23,ARABIAN LEAGUE,,skipped,,
2026-01-23T19:00:00+00:00,Hitpoint Masters,BO1,TBD,TBD,50.0,50.0,50.0,50.0,no_roster:TBD+TBD,TBD,TBD,0,0,2026-01-23,HITPOINT MASTERS,,skipped,,
2026-01-23T19:00:00+00:00,LoL Italian Tournament,BO1,P11 Esports,Zena Esports,56.1,43.9,57.2,50.0,ok,Top Esports,LNG Esports,5,5,2026-01-23,LOL ITALIAN TOURNAMENT,ValueError: Roster vide : impossible d'agréger les features.,skipped,LNG Esports|Top Esports,yes
2026-01-23T20:00:00+00:00,LoL Italian Tournament,BO1,Deacoy,EKO Esports,50.0,50.0,50.0,42.8,no_roster:Deacoy,Deacoy,Kyo eSports,0,4,2026-01-23,LOL ITALIAN TOURNAMENT,,skipped,,
2026-01-24T06:00:00+00:00,LCP,BO3,Team Secret Whales,Deep Cross Gaming,26.0,74.0,26.8,65.4,ok,Team Secret Whales,Deep Cross Gaming,5,5,2026-01-24,LCP,,ok,Deep Cross Gaming|Team Secret Whales,yes
2026-01-24T08:00:00+00:00,LCK,BO3,Hanwha Life Esports,DN SOOPers,50.0,50.0,50.0,50.0,no_roster:DN SOOPers,Hanwha Life Esports,DN SOOPers,5,0,2026-01-24,LCK,,skipped,,
2026-01-24T08:30:00+00:00,LCP,BO3,Fukuoka SoftBank HAWKS gaming,Ground Zero Gaming,86.5,13.5,73.2,34.6,ok,Fukuoka SoftBank HAWKS gaming,Ground Zero Gaming,5,5,2026-01-24,LCP,,ok,Fukuoka SoftBank HAWKS gaming|Ground Zero Gaming,no
2026-01-24T09:00:00+00:00,LPL,BO3,TOPESPORTS,Anyone's Legend,30.0,70.0,19.9,50.0,ok,Top Esports,Anyone's Legend,5,5,2026-01-24,LPL,,ok,Anyone's Legend|Top Esports,yes
2026-01-24T10:00:00+00:00,LCK,BO3,Dplus KIA,Gen.G Esports,68.2,31.8,88.3,38.7,ok,Dplus KIA,Gen.G,5,5,2026-01-24,LCK,,ok,Dplus KIA|Gen.G,no
2026-01-24T11:00:00+00:00,LPL,BO3,WeiboGaming Faw Audi,Beijing JDG Intel Esports,50.0,50.0,50.0,50.0,no_roster:WeiboGaming Faw Audi+Beijing JDG Intel Esports,WeiboGaming Faw Audi,Beijing JDG Intel Esports,0,0,2026-01-24,LPL,,skipped,,
2026-01-24T16:00:00+00:00,CBLOL,BO1,LEVIATÁN,LOS,50.0,50.0,50.0,50.0,no_roster:LOS,Leviatan,LOS,5,0,2026-01-24,CBLOL,,skipped,,
2026-01-24T16:00:00+00:00,LEC,BO1,Los Ratones,GIANTX,55.1,44.9,43.2,42.9,ok,Los Grandes,GiantX,5,5,2026-01-24,LEC,ValueError: Roster vide : impossible d'agréger les features.,skipped,GiantX|Los Grandes,yes
2026-01-24T16:45:00+00:00,LEC,BO1,Natus Vincere,Karmine Corp Blue,48.7,51.3,37.7,45.4,ok,Natus Vincere,Karmine Corp,5,5,2026-01-24,LEC,,ok,Karmine Corp|Natus Vincere,yes
2026-01-24T17:00:00+00:00,CBLOL,BO1,RED Canids Kalunga,FURIA,50.0,50.0,50.0,48.4,no_roster:RED Canids Kalunga,RED Canids Kalunga,FURIA,0,5,2026-01-24,CBLOL,,skipped,,
2026-01-24T17:30:00+00:00,LEC,BO1,Team Vitality,Team Heretics,47.9,52.1,54.6,57.1,ok,Team Vitality,Team Heretics,5,5,2026-01-24,LEC,,ok,Team Heretics|Team Vitality,yes
2026-01-24T18:00:00+00:00,CBLOL,BO1,Vivo Keyd Stars,LEVIATÁN,48.7,51.3,40.0,50.0,ok,Vivo Keyd Stars,Leviatan,5,5,2026-01-24,CBLOL,ValueError: Roster vide : impossible d'agréger les features.,skipped,Leviatan|Vivo Keyd Stars,yes
2026-01-24T18:15:00+00:00,LEC,BO1,Shifters,G2 Esports,50.0,50.0,50.0,78.5,no_roster:Shifters,Shifters,G2 Esports,0,5,2026-01-24,LEC,,skipped,,
2026-01-24T19:00:00+00:00,CBLOL,BO1,LOUD,LOS,50.0,50.0,63.7,50.0,no_roster:LOS,LOUD,LOS,5,0,2026-01-24,CBLOL,,skipped,,
2026-01-24T19:00:00+00:00,LEC,BO1,SK Gaming,Karmine Corp,44.4,55.6,21.5,56.8,ok,SK Gaming,Karmine Corp,5,5,2026-01-24,LEC,,ok,Karmine Corp|SK Gaming,yes
2026-01-24T19:45:00+00:00,LEC,BO1,Movistar KOI,Fnatic,39.9,60.1,50.0,62.3,ok,Movistar KOI,Fnatic,5,5,2026-01-24,LEC,,ok,Fnatic|Movistar KOI,yes
2026-01-24T20:00:00+00:00,CBLOL,BO1,Fluxo,paiN Gaming,53.0,47.0,60.0,36.3,ok,Fluxo,paiN Gaming,5,5,2026-01-24,CBLOL,ValueError: Roster vide : impossible d'agréger les features.,skipped,Fluxo|paiN Gaming,no
2026-01-24T21:00:00+00:00,LCS,BO3,TBD,TBD,50.0,50.0,50.0,50.0,no_roster:TBD+TBD,TBD,TBD,0,0,2026-01-24,LCS,,skipped,,
2026-01-25T00:00:00+00:00,LCS,BO3,TBD,TBD,50.0,50.0,50.0,50.0,no_roster:TBD+TBD,TBD,TBD,0,0,2026-01-25,LCS,,skipped,,
2026-01-25T06:00:00+00:00,LCP,BO3,MVK Esports,CTBC Flying Oyster,4.2,95.8,12.2,86.0,ok,V3 Esports,CTBC Flying Oyster,5,5,2026-01-25,LCP,,ok,CTBC Flying Oyster|V3 Esports,yes
2026-01-25T08:00:00+00:00,LCK,BO3,T1,BNK FEARX,18.7,81.3,24.1,61.3,ok,T1,BNK FEARX,5,5,2026-01-25,LCK,,ok,BNK FEARX|T1,yes
2026-01-25T08:30:00+00:00,LCP,BO3,DetonatioN FocusMe,GAM Esports,81.6,18.4,14.0,87.8,ok,DetonatioN FocusMe,GAM Esports,5,5,2026-01-25,LCP,,ok,DetonatioN FocusMe|GAM Esports,no
2026-01-25T09:00:00+00:00,LPL,BO3,Xi'an Team WE,SHENZHEN NINJAS IN PYJAMAS,50.0,50.0,50.0,50.0,no_roster:Xi'an Team WE,Xi'an Team WE,Ninjas in Pyjamas,0,5,2026-01-25,LPL,,skipped,,
2026-01-25T10:00:00+00:00,LCK,BO3,kt Rolster,BRION,50.0,50.0,75.9,50.0,no_roster:BRION,KT Rolster,BRION,5,0,2026-01-25,LCK,,skipped,,
2026-01-25T11:00:00+00:00,LPL,BO3,Invictus Gaming,TOPESPORTS,80.1,19.9,80.1,30.0,ok,Invictus Gaming,Top Esports,5,5,2026-01-25,LPL,,ok,Invictus Gaming|Top Esports,no
2026-01-25T16:00:00+00:00,CBLOL,BO1,RED Canids Kalunga,LOUD,50.0,50.0,50.0,50.0,no_roster:RED Canids Kalunga,RED Canids Kalunga,LOUD,0,5,2026-01-25,CBLOL,,skipped,,
2026-01-25T16:00:00+00:00,LEC,BO1,Team Vitality,Shifters,50.0,50.0,47.9,50.0,no_roster:Shifters,Team Vitality,Shifters,5,0,2026-01-25,LEC,,skipped,,
2026-01-25T16:45:00+00:00,LEC,BO1,SK Gaming,Natus Vincere,44.3,55.7,44.4,48.7,ok,SK Gaming,Natus Vincere,5,5,2026-01-25,LEC,,ok,Natus Vincere|SK Gaming,yes
2026-01-25T17:00:00+00:00,CBLOL,BO1,Fluxo,LEVIATÁN,49.5,50.5,53.0,51.3,ok,Fluxo,Leviatan,5,5,2026-01-25,CBLOL,ValueError: Roster vide : impossible d'agréger les features.,skipped,Fluxo|Leviatan,no
2026-01-25T17:30:00+00:00,LEC,BO1,Team Heretics,Los Ratones,43.4,56.6,52.1,55.1,ok,Team Heretics,Los Grandes,5,5,2026-01-25,LEC,ValueError: Roster vide : impossible d'agréger les features.,skipped,Los Grandes|Team Heretics,yes
2026-01-25T18:00:00+00:00,CBLOL,BO1,paiN Gaming,RED Canids Kalunga,50.0,50.0,47.0,50.0,no_roster:RED Canids Kalunga,paiN Gaming,RED Canids Kalunga,5,0,2026-01-25,CBLOL,,skipped,,
2026-01-25T18:15:00+00:00,LEC,BO1,Movistar KOI,Karmine Corp Blue,51.2,48.8,39.9,51.3,ok,Movistar KOI,Karmine Corp,5,5,2026-01-25,LEC,,ok,Karmine Corp|Movistar KOI,yes
2026-01-25T19:00:00+00:00,CBLOL,BO1,LOUD,Vivo Keyd Stars,76.1,23.9,50.0,48.7,ok,LOUD,Vivo Keyd Stars,5,5,2026-01-25,CBLOL,ValueError: Roster vide : impossible d'agréger les features.,skipped,LOUD|Vivo Keyd Stars,no
2026-01-25T19:00:00+00:00,LEC,BO1,Fnatic,GIANTX,47.0,53.0,60.1,44.9,ok,Fnatic,GiantX,5,5,2026-01-25,LEC,,ok,Fnatic|GiantX,no
2026-01-25T19:45:00+00:00,LEC,BO1,Karmine Corp,G2 Esports,39.3,60.7,55.6,50.0,ok,Karmine Corp,G2 Esports,5,5,2026-01-25,LEC,,ok,G2 Esports|Karmine Corp,yes
2026-01-25T20:00:00+00:00,CBLOL,BO1,LOS,FURIA,50.0,50.0,50.0,50.0,no_roster:LOS,LOS,FURIA,0,5,2026-01-25,CBLOL,,skipped,,
2026-01-25T21:00:00+00:00,LCS,BO3,TBD,TBD,50.0,50.0,50.0,50.0,no_roster:TBD+TBD,TBD,TBD,0,0,2026-01-25,LCS,,skipped,,
2026-01-26T00:00:00+00:00,LCS,BO3,TBD,TBD,50.0,50.0,50.0,50.0,no_roster:TBD+TBD,TBD,TBD,0,0,2026-01-26,LCS,,skipped,,
2026-01-26T05:00:00+00:00,LCK Challengers,BO5,T1 Esports Academy,DK Challengers,50.0,50.0,50.0,50.0,no_roster:T1 Esports Academy+DK Challengers,T1 Esports Academy,DK Challengers,0,0,2026-01-26,LCK,,skipped,,
2026-01-26T08:00:00+00:00,LCK Challengers,BO5,NS Challengers,HLE Challengers,50.0,50.0,50.0,50.0,no_roster:NS Challengers+HLE Challengers,NS Challengers,HLE Challengers,0,0,2026-01-26,LCK,,skipped,,
2026-01-26T09:00:00+00:00,LPL,BO3,THUNDERTALKGAMING,Xi'an Team WE,50.0,50.0,50.0,50.0,no_roster:Xi'an Team WE,ThunderTalk Gaming,Xi'an Team WE,5,0,2026-01-26,LPL,,skipped,,
2026-01-26T11:00:00+00:00,LPL,BO3,Beijing JDG Intel Esports,BILIBILI GAMING DREAMSMART,50.0,50.0,50.0,50.0,no_roster:Beijing JDG Intel Esports,Beijing JDG Intel Esports,Bilibili Gaming,0,5,2026-01-26,LPL,,skipped,,
2026-01-26T16:00:00+00:00,LEC,BO1,SK Gaming,Karmine Corp Blue,44.4,55.6,44.3,48.8,ok,SK Gaming,Karmine Corp,5,5,2026-01-26,LEC,,ok,Karmine Corp|SK Gaming,yes
2026-01-26T16:45:00+00:00,LEC,BO1,Shifters,Los Ratones,50.0,50.0,50.0,56.6,no_roster:Shifters,Shifters,Los Grandes,0,5,2026-01-26,LEC,,skipped,,
2026-01-26T17:30:00+00:00,LEC,BO1,Team Vitality,Fnatic,57.1,42.9,50.0,47.0,ok,Team Vitality,Fnatic,5,5,2026-01-26,LEC,,ok,Fnatic|Team Vitality,yes
2026-01-26T18:15:00+00:00,LEC,BO1,Team Heretics,G2 Esports,39.9,60.1,43.4,60.7,ok,Team Heretics,G2 Esports,5,5,2026-01-26,LEC,,ok,G2 Esports|Team Heretics,yes
2026-01-26T19:00:00+00:00,LEC,BO1,Natus Vincere,Karmine Corp,48.7,51.3,55.7,39.3,ok,Natus Vincere,Karmine Corp,5,5,2026-01-26,LEC,,ok,Karmine Corp|Natus Vincere,yes
2026-01-26T19:45:00+00:00,LEC,BO1,Movistar KOI,GIANTX,50.8,49.2,51.2,53.0,ok,Movistar KOI,GiantX,5,5,2026-01-26,LEC,,ok,GiantX|Movistar KOI,yes
2026-01-27T05:00:00+00:00,LCK Challengers,BO5,DRX Challengers,DNS Challengers,50.0,50.0,50.0,50.0,no_roster:DRX Challengers+DNS Challengers,DRX Challengers,DNS Challengers,0,0,2026-01-27,LCK,,skipped,,
2026-01-27T07:00:00+00:00,LPL,BO3,Suzhou LNG Ninebot Esports,Ultra Prime,50.0,50.0,50.0,31.2,no_roster:Suzhou LNG Ninebot Esports,Suzhou LNG Ninebot Esports,Ultra Prime,0,5,2026-01-27,LPL,,skipped,,
2026-01-27T08:00:00+00:00,LCK Challengers,BO5,BNK FEARX Youth,kt Challengers,50.0,50.0,50.0,50.0,no_roster:BNK FEARX Youth+kt Challengers,BNK FEARX Youth,kt Challengers,0,0,2026-01-27,LCK,,skipped,,
2026-01-27T09:00:00+00:00,LPL,BO3,WeiboGaming Faw Audi,TOPESPORTS,50.0,50.0,50.0,19.9,no_roster:WeiboGaming Faw Audi,WeiboGaming Faw Audi,Top Esports,0,5,2026-01-27,LPL,,skipped,,
2026-01-27T11:00:00+00:00,LPL,BO3,Invictus Gaming,Anyone's Legend,19.6,80.4,80.1,70.0,ok,Invictus Gaming,Anyone's Legend,5,5,2026-01-27,LPL,,ok,Anyone's Legend|Invictus Gaming,yes
2026-01-27T16:00:00+00:00,Arabian League,BO3,Dragons Esports,GNG Amazigh,50.0,50.0,50.0,50.0,no_roster:GNG Amazigh,Frank Esports,GNG Amazigh,5,0,2026-01-27,ARABIAN LEAGUE,,skipped,,
2026-01-27T16:00:00+00:00,Hellenic Legends League,BO2,Gamespace M.C.,Team Phantasma,50.0,50.0,50.0,50.0,no_roster:Gamespace M.C.+Team Phantasma,Gamespace M.C.,Team Phantasma,0,0,2026-01-27,HELLENIC LEGENDS LEAGUE,,skipped,,
2026-01-27T16:00:00+00:00,Hitpoint Masters,BO1,TBD,TBD,50.0,50.0,50.0,50.0,no_roster:TBD+TBD,TBD,TBD,0,0,2026-01-27,HITPOINT MASTERS,,skipped,,
2026-01-27T17:00:00+00:00,Hitpoint Masters,BO1,TBD,TBD,50.0,50.0,50.0,50.0,no_roster:TBD+TBD,TBD,TBD,0,0,2026-01-27,HITPOINT MASTERS,,skipped,,
2026-01-27T18:00:00+00:00,Hellenic Legends League,BO2,HowL Esports,Team Insidious,50.0,50.0,50.0,50.0,no_roster:Team Insidious,Top Esports,Team Insidious,5,0,2026-01-27,HELLENIC LEGENDS LEAGUE,,skipped,,
2026-01-27T18:00:00+00:00,Hitpoint Masters,BO1,TBD,TBD,50.0,50.0,50.0,50.0,no_roster:TBD+TBD,TBD,TBD,0,0,2026-01-27,HITPOINT MASTERS,,skipped,,
2026-01-27T18:30:00+00:00,Arabian League,BO3,FN Esports,3BL GALAXY ESPORTS,50.0,50.0,33.4,50.0,no_roster:3BL GALAXY ESPORTS,LNG Esports,3BL GALAXY ESPORTS,5,0,2026-01-27,ARABIAN LEAGUE,,skipped,,
2026-01-27T19:00:00+00:00,Hitpoint Masters,BO1,TBD,TBD,50.0,50.0,50.0,50.0,no_roster:TBD+TBD,TBD,TBD,0,0,2026-01-27,HITPOINT MASTERS,,skipped,,
2026-01-28T07:00:00+00:00,LPL,BO3,Ultra Prime,Hangzhou LGD Gaming,50.0,50.0,50.0,50.0,no_roster:Hangzhou LGD Gaming,Ultra Prime,Hangzhou LGD Gaming,5,0,2026-01-28,LPL,,skipped,,
2026-01-28T08:00:00+00:00,LCK,BO5,BRION,DRX,50.0,50.0,50.0,74.2,no_roster:BRION,BRION,DRX,0,5,2026-01-28,LCK,,skipped,,
2026-01-28T09:00:00+00:00,LPL,BO3,Oh My God,Suzhou LNG Ninebot Esports,50.0,50.0,50.0,50.0,no_roster:Suzhou LNG Ninebot Esports,Oh My God,Suzhou LNG Ninebot Esports,5,0,2026-01-28,LPL,,skipped,,
2026-01-28T11:00:00+00:00,LPL,BO3,SHANGHAI EDWARD GAMING HYCAN,SHENZHEN NINJAS IN PYJAMAS,50.0,50.0,50.0,50.0,no_roster:SHANGHAI EDWARD GAMING HYCAN,SHANGHAI EDWARD GAMING HYCAN,Ninjas in Pyjamas,0,5,2026-01-28,LPL,,skipped,,
2026-01-28T16:00:00+00:00,Arabian League,BO3,One More Esports,BAAM Esports,50.0,50.0,50.0,66.6,no_roster:One More Esports,One More Esports,GAM Esports,0,5,2026-01-28,ARABIAN LEAGUE,,skipped,,
2026-01-28T16:00:00+00:00,Hellenic Legends League,BO2,ALMO Players,Gamespace M.C.,50.0,50.0,50.0,50.0,no_roster:ALMO Players+Gamespace M.C.,ALMO Players,Gamespace M.C.,0,0,2026-01-28,HELLENIC LEGENDS LEAGUE,,skipped,,
2026-01-28T16:00:00+00:00,Hitpoint Masters,BO1,TBD,TBD,50.0,50.0,50.0,50.0,no_roster:TBD+TBD,TBD,TBD,0,0,2026-01-28,HITPOINT MASTERS,,skipped,,
2026-01-28T17:00:00+00:00,Hitpoint Masters,BO1,TBD,TBD,50.0,50.0,50.0,50.0,no_roster:TBD+TBD,TBD,TBD,0,0,2026-01-28,HITPOINT MASTERS,,skipped,,
2026-01-28T17:00:00+00:00,LoL Italian Tournament,BO5,TBD,TBD,50.0,50.0,50.0,50.0,no_roster:TBD+TBD,TBD,TBD,0,0,2026-01-28,LOL ITALIAN TOURNAMENT,,skipped,,
2026-01-28T18:00:00+00:00,Esports Balkan League,BO3,Lupus Esports,Partizan Sangal,50.0,50.0,50.0,50.0,no_roster:Lupus Esports+Partizan Sangal,Lupus Esports,Partizan Sangal,0,0,2026-01-28,ESPORTS BALKAN LEAGUE,,skipped,,
2026-01-28T18:00:00+00:00,Hellenic Legends League,BO2,WLGaming,Team Paradox,50.0,50.0,50.0,50.0,no_roster:WLGaming+Team Paradox,WLGaming,Team Paradox,0,0,2026-01-28,HELLENIC LEGENDS LEAGUE,,skipped,,
2026-01-28T18:00:00+00:00,Hitpoint Masters,BO1,TBD,TBD,50.0,50.0,50.0,50.0,no_roster:TBD+TBD,TBD,TBD,0,0,2026-01-28,HITPOINT MASTERS,,skipped,,
2026-01-28T18:30:00+00:00,Arabian League,BO3,NextGeneration Esports,Anubis Gaming,50.0,50.0,50.0,50.0,no_roster:NextGeneration Esports+Anubis Gaming,NextGeneration Esports,Anubis Gaming,0,0,2026-01-28,ARABIAN LEAGUE,,skipped,,
2026-01-28T19:00:00+00:00,Hitpoint Masters,BO1,TBD,TBD,50.0,50.0,50.0,50.0,no_roster:TBD+TBD,TBD,TBD,0,0,2026-01-28,HITPOINT MASTERS,,skipped,,
2026-01-28T20:00:00+00:00,Esports Balkan League,BO3,The Secret Club,Crvena zvezda Esports,50.0,50.0,50.0,50.0,no_roster:The Secret Club+Crvena zvezda Esports,The Secret Club,Crvena zvezda Esports,0,0,2026-01-28,ESPORTS BALKAN LEAGUE,,skipped,,
2026-01-29T05:00:00+00:00,LCK Challengers,BO5,Gen.G Global Academy,BRO Challengers,50.0,50.0,50.0,50.0,no_roster:Gen.G Global Academy+BRO Challengers,Gen.G Global Academy,BRO Challengers,0,0,2026-01-29,LCK,,skipped,,
2026-01-29T06:00:00+00:00,LCP,BO3,MVK Esports,Deep Cross Gaming,4.6,95.4,4.2,74.0,ok,V3 Esports,Deep Cross Gaming,5,5,2026-01-29,LCP,,ok,Deep Cross Gaming|V3 Esports,yes
2026-01-29T08:00:00+00:00,LCK,BO5,DN SOOPers,BNK FEARX,50.0,50.0,50.0,81.3,no_roster:DN SOOPers,DN SOOPers,BNK FEARX,0,5,2026-01-29,LCK,,skipped,,
2026-01-29T08:30:00+00:00,LCP,BO3,CTBC Flying Oyster,Fukuoka SoftBank HAWKS gaming,64.4,35.6,95.8,86.5,ok,CTBC Flying Oyster,Fukuoka SoftBank HAWKS gaming,5,5,2026-01-29,LCP,,ok,CTBC Flying Oyster|Fukuoka SoftBank HAWKS gaming,no
2026-01-29T09:00:00+00:00,LPL,BO3,THUNDERTALKGAMING,SHENZHEN NINJAS IN PYJAMAS,10.2,89.8,50.0,50.0,ok,ThunderTalk Gaming,Ninjas in Pyjamas,5,5,2026-01-29,LPL,,ok,Ninjas in Pyjamas|ThunderTalk Gaming,yes
2026-01-29T11:00:00+00:00,LPL,BO3,WeiboGaming Faw Audi,Beijing JDG Intel Esports,50.0,50.0,50.0,50.0,no_roster:WeiboGaming Faw Audi+Beijing JDG Intel Esports,WeiboGaming Faw Audi,Beijing JDG Intel Esports,0,0,2026-01-29,LPL,,skipped,,
2026-01-29T16:00:00+00:00,Arabian League,BO3,GNG Amazigh,BAAM Esports,50.0,50.0,50.0,50.0,no_roster:GNG Amazigh,GNG Amazigh,GAM Esports,0,5,2026-01-29,ARABIAN LEAGUE,,skipped,,
2026-01-29T16:00:00+00:00,Hellenic Legends League,BO2,GOAL esports,Team Insidious,50.0,50.0,50.0,50.0,no_roster:Team Insidious,GAM Esports,Team Insidious,5,0,2026-01-29,HELLENIC LEGENDS LEAGUE,,skipped,,
2026-01-29T16:00:00+00:00,Hitpoint Masters,BO3,TBD,TBD,50.0,50.0,50.0,50.0,no_roster:TBD+TBD,TBD,TBD,0,0,2026-01-29,HITPOINT MASTERS,,skipped,,
2026-01-29T17:00:00+00:00,LoL Italian Tournament,BO5,TBD,TBD,50.0,50.0,50.0,50.0,no_roster:TBD+TBD,TBD,TBD,0,0,2026-01-29,LOL ITALIAN TOURNAMENT,,skipped,,
2026-01-29T17:00:00+00:00,NLC,BO1,4 Swines & A Bum,Verdant,50.0,50.0,50.0,50.0,no_roster:4 Swines & A Bum+Verdant,4 Swines & A Bum,Verdant,0,0,2026-01-29,NLC,,skipped,,
2026-01-29T18:00:00+00:00,Esports Balkan League,BO3,SPIKE Syndicate,Partizan Sangal,50.0,50.0,50.0,50.0,no_roster:SPIKE Syndicate+Partizan Sangal,SPIKE Syndicate,Partizan Sangal,0,0,2026-01-29,ESPORTS BALKAN LEAGUE,,skipped,,
2026-01-29T18:00:00+00:00,Hellenic Legends League,BO2,HowL Esports,Team Phantasma,50.0,50.0,50.0,50.0,no_roster:Team Phantasma,Top Esports,Team Phantasma,5,0,2026-01-29,HELLENIC LEGENDS LEAGUE,,skipped,,
2026-01-29T18:00:00+00:00,Hitpoint Masters,BO3,TBD,TBD,50.0,50.0,50.0,50.0,no_roster:TBD+TBD,TBD,TBD,0,0,2026-01-29,HITPOINT MASTERS,,skipped,,
2026-01-29T18:00:00+00:00,NLC,BO1,Ruddy Corporation,Bulldog Esports,50.0,50.0,50.0,50.0,no_roster:Ruddy Corporation+Bulldog Esports,Ruddy Corporation,Bulldog Esports,0,0,2026-01-29,NLC,,skipped,,
2026-01-29T18:30:00+00:00,Arabian League,BO3,One More Esports,3BL GALAXY ESPORTS,50.0,50.0,50.0,50.0,no_roster:One More Esports+3BL GALAXY ESPORTS,One More Esports,3BL GALAXY ESPORTS,0,0,2026-01-29,ARABIAN LEAGUE,,skipped,,
2026-01-29T19:00:00+00:00,NLC,BO1,Arctic Pandas Oy,La BOMBAS,50.0,50.0,50.0,50.0,no_roster:Arctic Pandas Oy+La BOMBAS,Arctic Pandas Oy,La BOMBAS,0,0,2026-01-29,NLC,,skipped,,
2026-01-29T20:00:00+00:00,Esports Balkan League,BO3,Lupus Esports,BeFive,50.0,50.0,50.0,50.0,no_roster:Lupus Esports+BeFive,Lupus Esports,BeFive,0,0,2026-01-29,ESPORTS BALKAN LEAGUE,,skipped,,
2026-01-29T20:00:00+00:00,NLC,BO1,Deer Gaming,Lund Esports Organization,50.0,50.0,50.0,50.0,no_roster:Lund Esports Organization,JD Gaming,Lund Esports Organization,5,0,2026-01-29,NLC,,skipped,,
2026-01-29T21:00:00+00:00,NLC,BO1,DMG Esports,Lundqvist Lightside,50.0,50.0,50.0,50.0,no_roster:Lundqvist Lightside,G2 Esports,Lundqvist Lightside,5,0,2026-01-29,NLC,,skipped,,
2026-01-30T06:00:00+00:00,LCP,BO3,DetonatioN FocusMe,Team Secret Whales,87.6,12.4,81.6,26.0,ok,DetonatioN FocusMe,Team Secret Whales,5,5,2026-01-30,LCP,,ok,DetonatioN FocusMe|Team Secret Whales,no
2026-01-30T08:00:00+00:00,LCK,BO5,NONGSHIM RED FORCE,kt Rolster,50.8,49.2,25.8,50.0,ok,Nongshim RedForce,KT Rolster,5,5,2026-01-30,LCK,,ok,KT Rolster|Nongshim RedForce,yes
2026-01-30T08:30:00+00:00,LCP,BO3,GAM Esports,Ground Zero Gaming,45.0,55.0,18.4,13.5,ok,GAM Esports,Ground Zero Gaming,5,5,2026-01-30,LCP,,ok,GAM Esports|Ground Zero Gaming,no
2026-01-30T09:00:00+00:00,LPL,BO3,Oh My God,Ultra Prime,68.8,31.2,50.0,50.0,ok,Oh My God,Ultra Prime,5,5,2026-01-30,LPL,,ok,Oh My God|Ultra Prime,no
2026-01-30T11:00:00+00:00,LPL,BO3,TOPESPORTS,BILIBILI GAMING DREAMSMART,21.8,78.2,50.0,50.0,ok,Top Esports,Bilibili Gaming,5,5,2026-01-30,LPL,,ok,Bilibili Gaming|Top Esports,yes
2026-01-30T16:00:00+00:00,Arabian League,BO3,NextGeneration Esports,Dragons Esports,50.0,50.0,50.0,50.0,no_roster:NextGeneration Esports,NextGeneration Esports,Frank Esports,0,5,2026-01-30,ARABIAN LEAGUE,,skipped,,
2026-01-30T16:00:00+00:00,Hitpoint Masters,BO3,TBD,TBD,50.0,50.0,50.0,50.0,no_roster:TBD+TBD,TBD,TBD,0,0,2026-01-30,HITPOINT MASTERS,,skipped,,
2026-01-30T17:00:00+00:00,LoL Italian Tournament,BO5,TBD,TBD,50.0,50.0,50.0,50.0,no_roster:TBD+TBD,TBD,TBD,0,0,2026-01-30,LOL ITALIAN TOURNAMENT,,skipped,,
2026-01-30T18:00:00+00:00,Esports Balkan League,BO3,BeFive,Crvena zvezda Esports,50.0,50.0,50.0,50.0,no_roster:BeFive+Crvena zvezda Esports,BeFive,Crvena zvezda Esports,0,0,2026-01-30,ESPORTS BALKAN LEAGUE,,skipped,,
2026-01-30T18:00:00+00:00,Hitpoint Masters,BO3,TBD,TBD,50.0,50.0,50.0,50.0,no_roster:TBD+TBD,TBD,TBD,0,0,2026-01-30,HITPOINT MASTERS,,skipped,,
2026-01-30T18:30:00+00:00,Arabian League,BO3,FN Esports,Anubis Gaming,50.0,50.0,50.0,50.0,no_roster:Anubis Gaming,LNG Esports,Anubis Gaming,5,0,2026-01-30,ARABIAN LEAGUE,,skipped,,
2026-01-30T20:00:00+00:00,Esports Balkan League,BO3,SPIKE Syndicate,The Secret Club,50.0,50.0,50.0,50.0,no_roster:SPIKE Syndicate+The Secret Club,SPIKE Syndicate,The Secret Club,0,0,2026-01-30,ESPORTS BALKAN LEAGUE,,skipped,,
2026-01-31T06:00:00+00:00,LCP,BO3,Deep Cross Gaming,CTBC Flying Oyster,29.8,70.2,95.4,64.4,ok,Deep Cross Gaming,CTBC Flying Oyster,5,5,2026-01-31,LCP,,ok,CTBC Flying Oyster|Deep Cross Gaming,yes
2026-01-31T08:00:00+00:00,LCK,BO5,T1,Dplus KIA,40.3,59.7,18.7,68.2,ok,T1,Dplus KIA,5,5,2026-01-31,LCK,,ok,Dplus KIA|T1,yes
2026-01-31T08:30:00+00:00,LCP,BO3,MVK Esports,Fukuoka SoftBank HAWKS gaming,4.1,95.9,4.6,35.6,ok,V3 Esports,Fukuoka SoftBank HAWKS gaming,5,5,2026-01-31,LCP,,ok,Fukuoka SoftBank HAWKS gaming|V3 Esports,yes
2026-01-31T09:00:00+00:00,LPL,BO3,Beijing JDG Intel Esports,Anyone's Legend,50.0,50.0,50.0,80.4,no_roster:Beijing JDG Intel Esports,Beijing JDG Intel Esports,Anyone's Legend,0,5,2026-01-31,LPL,,skipped,,
2026-01-31T11:00:00+00:00,LPL,BO3,Invictus Gaming,BILIBILI GAMING DREAMSMART,19.9,80.1,19.6,78.2,ok,Invictus Gaming,Bilibili Gaming,5,5,2026-01-31,LPL,,ok,Bilibili Gaming|Invictus Gaming,yes
2026-01-31T12:00:00+00:00,Hitpoint Masters,BO1,TBD,TBD,50.0,50.0,50.0,50.0,no_roster:TBD+TBD,TBD,TBD,0,0,2026-01-31,HITPOINT MASTERS,,skipped,,
2026-01-31T13:00:00+00:00,Hitpoint Masters,BO1,TBD,TBD,50.0,50.0,50.0,50.0,no_roster:TBD+TBD,TBD,TBD,0,0,2026-01-31,HITPOINT MASTERS,,skipped,,
2026-01-31T14:00:00+00:00,Hitpoint Masters,BO1,TBD,TBD,50.0,50.0,50.0,50.0,no_roster:TBD+TBD,TBD,TBD,0,0,2026-01-31,HITPOINT MASTERS,,skipped,,
2026-01-31T15:00:00+00:00,Hitpoint Masters,BO1,TBD,TBD,50.0,50.0,50.0,50.0,no_roster:TBD+TBD,TBD,TBD,0,0,2026-01-31,HITPOINT MASTERS,,skipped,,
2026-01-31T16:00:00+00:00,CBLOL,BO1,Vivo Keyd Stars,RED Canids Kalunga,50.0,50.0,23.9,50.0,no_roster:RED Canids Kalunga,Vivo Keyd Stars,RED Canids Kalunga,5,0,2026-01-31,CBLOL,,skipped,,
2026-01-31T16:00:00+00:00,LEC,BO1,Team Heretics,SK Gaming,56.9,43.1,39.9,44.4,ok,Team Heretics,SK Gaming,5,5,2026-01-31,LEC,,ok,SK Gaming|Team Heretics,yes
2026-01-31T16:45:00+00:00,LEC,BO1,Natus Vincere,GIANTX,16.5,83.5,48.7,49.2,ok,Natus Vincere,GiantX,5,5,2026-01-31,LEC,,ok,GiantX|Natus Vincere,yes
2026-01-31T17:00:00+00:00,CBLOL,BO1,FURIA,Fluxo,50.9,49.1,50.0,49.5,ok,FURIA,Fluxo,5,5,2026-01-31,CBLOL,ValueError: Roster vide : impossible d'agréger les features.,skipped,Fluxo|FURIA,yes
2026-01-31T17:30:00+00:00,LEC,BO1,Shifters,Fnatic,50.0,50.0,50.0,42.9,no_roster:Shifters,Shifters,Fnatic,0,5,2026-01-31,LEC,,skipped,,
2026-01-31T18:00:00+00:00,CBLOL,BO1,LOS,paiN Gaming,50.0,50.0,50.0,50.0,no_roster:LOS,LOS,paiN Gaming,0,5,2026-01-31,CBLOL,,skipped,,
2026-01-31T18:15:00+00:00,LEC,BO1,Karmine Corp Blue,G2 Esports,39.3,60.7,55.6,60.1,ok,Karmine Corp,G2 Esports,5,5,2026-01-31,LEC,,ok,G2 Esports|Karmine Corp,yes
2026-01-31T19:00:00+00:00,CBLOL,BO1,LEVIATÁN,LOUD,44.0,56.0,50.5,76.1,ok,Leviatan,LOUD,5,5,2026-01-31,CBLOL,ValueError: Roster vide : impossible d'agréger les features.,skipped,Leviatan|LOUD,no
2026-01-31T19:00:00+00:00,LEC,BO1,Team Vitality,Karmine Corp,54.6,45.4,57.1,51.3,ok,Team Vitality,Karmine Corp,5,5,2026-01-31,LEC,,ok,Karmine Corp|Team Vitality,yes
2026-01-31T19:45:00+00:00,LEC,BO1,Movistar KOI,Los Ratones,49.7,50.3,50.8,50.0,ok,Movistar KOI,Los Grandes,5,5,2026-01-31,LEC,ValueError: Roster vide : impossible d'agréger les features.,skipped,Los Grandes|Movistar KOI,yes
2026-01-31T21:00:00+00:00,LCS,BO3,TBD,TBD,50.0,50.0,50.0,50.0,no_roster:TBD+TBD,TBD,TBD,0,0,2026-01-31,LCS,,skipped,,
2026-02-01T00:00:00+00:00,LCS,BO3,TBD,TBD,50.0,50.0,50.0,50.0,no_roster:TBD+TBD,TBD,TBD,0,0,2026-02-01,LCS,,skipped,,
2026-02-01T06:00:00+00:00,LCP,BO3,Team Secret Whales,GAM Esports,17.4,82.6,12.4,45.0,ok,Team Secret Whales,GAM Esports,5,5,2026-02-01,LCP,,ok,GAM Esports|Team Secret Whales,yes
2026-02-01T08:00:00+00:00,LCK,BO5,Hanwha Life Esports,Gen.G Esports,29.0,71.0,50.0,31.8,ok,Hanwha Life Esports,Gen.G,5,5,2026-02-01,LCK,,ok,Gen.G|Hanwha Life Esports,yes
2026-02-01T08:30:00+00:00,LCP,BO3,DetonatioN FocusMe,Ground Zero Gaming,58.3,41.7,87.6,55.0,ok,DetonatioN FocusMe,Ground Zero Gaming,5,5,2026-02-01,LCP,,ok,DetonatioN FocusMe|Ground Zero Gaming,no
2026-02-01T09:00:00+00:00,LPL,BO3,Suzhou LNG Ninebot Esports,Hangzhou LGD Gaming,50.0,50.0,50.0,50.0,no_roster:Suzhou LNG Ninebot Esports+Hangzhou LGD Gaming,Suzhou LNG Ninebot Esports,Hangzhou LGD Gaming,0,0,2026-02-01,LPL,,skipped,,
2026-02-01T11:00:00+00:00,LPL,BO3,TOPESPORTS,Anyone's Legend,30.0,70.0,21.8,50.0,ok,Top Esports,Anyone's Legend,5,5,2026-02-01,LPL,,ok,Anyone's Legend|Top Esports,yes
2026-02-01T16:00:00+00:00,CBLOL,BO1,LOS,RED Canids Kalunga,50.0,50.0,50.0,50.0,no_roster:LOS+RED Canids Kalunga,LOS,RED Canids Kalunga,0,0,2026-02-01,CBLOL,,skipped,,
2026-02-01T16:00:00+00:00,LEC,BO1,Shifters,Natus Vincere,50.0,50.0,50.0,16.5,no_roster:Shifters,Shifters,Natus Vincere,0,5,2026-02-01,LEC,,skipped,,
2026-02-01T16:45:00+00:00,LEC,BO1,Team Heretics,Karmine Corp Blue,38.0,62.0,56.9,39.3,ok,Team Heretics,Karmine Corp,5,5,2026-02-01,LEC,,ok,Karmine Corp|Team Heretics,yes
2026-02-01T17:00:00+00:00,CBLOL,BO1,FURIA,Vivo Keyd Stars,67.6,32.4,50.9,50.0,ok,FURIA,Vivo Keyd Stars,5,5,2026-02-01,CBLOL,ValueError: Roster vide : impossible d'agréger les features.,skipped,FURIA|Vivo Keyd Stars,no
2026-02-01T17:30:00+00:00,LEC,BO1,Team Vitality,GIANTX,55.5,44.5,54.6,83.5,ok,Team Vitality,GiantX,5,5,2026-02-01,LEC,,ok,GiantX|Team Vitality,yes
2026-02-01T18:00:00+00:00,CBLOL,BO1,paiN Gaming,LEVIATÁN,54.1,45.9,50.0,44.0,ok,paiN Gaming,Leviatan,5,5,2026-02-01,CBLOL,ValueError: Roster vide : impossible d'agréger les features.,skipped,Leviatan|paiN Gaming,yes
2026-02-01T18:15:00+00:00,LEC,BO1,SK Gaming,Movistar KOI,39.9,60.1,43.1,49.7,ok,SK Gaming,Movistar KOI,5,5,2026-02-01,LEC,,ok,Movistar KOI|SK Gaming,yes
2026-02-01T19:00:00+00:00,CBLOL,BO1,LOUD,Fluxo,52.3,47.7,56.0,49.1,ok,LOUD,Fluxo,5,5,2026-02-01,CBLOL,ValueError: Roster vide : impossible d'agréger les features.,skipped,Fluxo|LOUD,yes
2026-02-01T19:00:00+00:00,LEC,BO1,Karmine Corp,Fnatic,41.3,58.7,45.4,50.0,ok,Karmine Corp,Fnatic,5,5,2026-02-01,LEC,,ok,Fnatic|Karmine Corp,yes
2026-02-01T19:45:00+00:00,LEC,BO1,Los Ratones,G2 Esports,51.8,48.2,50.3,60.7,ok,Los Grandes,G2 Esports,5,5,2026-02-01,LEC,ValueError: Roster vide : impossible d'agréger les features.,skipped,G2 Esports|Los Grandes,yes
2026-02-01T21:00:00+00:00,LCS,BO3,TBD,TBD,50.0,50.0,50.0,50.0,no_roster:TBD+TBD,TBD,TBD,0,0,2026-02-01,LCS,,skipped,,
2026-02-02T00:00:00+00:00,LCS,BO3,TBD,TBD,50.0,50.0,50.0,50.0,no_roster:TBD+TBD,TBD,TBD,0,0,2026-02-02,LCS,,skipped,,
2026-02-02T05:00:00+00:00,LCK Challengers,BO3,TBD,TBD,50.0,50.0,50.0,50.0,no_roster:TBD+TBD,TBD,TBD,0,0,2026-02-02,LCK,,skipped,,
2026-02-02T08:00:00+00:00,LCK Challengers,BO3,TBD,TBD,50.0,50.0,50.0,50.0,no_roster:TBD+TBD,TBD,TBD,0,0,2026-02-02,LCK,,skipped,,
2026-02-02T09:00:00+00:00,LPL,BO3,Oh My God,Hangzhou LGD Gaming,50.0,50.0,68.8,50.0,no_roster:Hangzhou LGD Gaming,Oh My God,Hangzhou LGD Gaming,5,0,2026-02-02,LPL,,skipped,,
2026-02-02T11:00:00+00:00,LPL,BO3,WeiboGaming Faw Audi,BILIBILI GAMING DREAMSMART,50.0,50.0,50.0,80.1,no_roster:WeiboGaming Faw Audi,WeiboGaming Faw Audi,Bilibili Gaming,0,5,2026-02-02,LPL,,skipped,,
2026-02-02T16:00:00+00:00,LEC,BO1,Karmine Corp Blue,Fnatic,41.3,58.7,62.0,58.7,ok,Karmine Corp,Fnatic,5,5,2026-02-02,LEC,,ok,Fnatic|Karmine Corp,yes
2026-02-02T16:45:00+00:00,LEC,BO1,SK Gaming,GIANTX,26.2,73.8,39.9,44.5,ok,SK Gaming,GiantX,5,5,2026-02-02,LEC,,ok,GiantX|SK Gaming,yes
2026-02-02T17:30:00+00:00,LEC,BO1,Natus Vincere,Los Ratones,53.0,47.0,50.0,51.8,ok,Natus Vincere,Los Grandes,5,5,2026-02-02,LEC,ValueError: Roster vide : impossible d'agréger les features.,skipped,Los Grandes|Natus Vincere,yes
2026-02-02T18:15:00+00:00,LEC,BO1,Team Vitality,G2 Esports,47.8,52.2,55.5,48.2,ok,Team Vitality,G2 Esports,5,5,2026-02-02,LEC,,ok,G2 Esports|Team Vitality,yes
2026-02-02T19:00:00+00:00,LEC,BO1,Team Heretics,Movistar KOI,50.9,49.1,38.0,60.1,ok,Team Heretics,Movistar KOI,5,5,2026-02-02,LEC,,ok,Movistar KOI|Team Heretics,yes
2026-02-02T19:45:00+00:00,LEC,BO1,Shifters,Karmine Corp,50.0,50.0,50.0,41.3,no_roster:Shifters,Shifters,Karmine Corp,0,5,2026-02-02,LEC,,skipped,,
2026-02-02T21:00:00+00:00,CBLOL,BO3,TBD,TBD,50.0,50.0,50.0,50.0,no_roster:TBD+TBD,TBD,TBD,0,0,2026-02-02,CBLOL,,skipped,,
2026-02-03T00:00:00+00:00,CBLOL,BO3,TBD,TBD,50.0,50.0,50.0,50.0,no_roster:TBD+TBD,TBD,TBD,0,0,2026-02-03,CBLOL,,skipped,,
2026-02-03T05:00:00+00:00,LCK Challengers,BO3,TBD,TBD,50.0,50.0,50.0,50.0,no_roster:TBD+TBD,TBD,TBD,0,0,2026-02-03,LCK,,skipped,,
2026-02-03T08:00:00+00:00,LCK Challengers,BO3,TBD,TBD,50.0,50.0,50.0,50.0,no_roster:TBD+TBD,TBD,TBD,0,0,2026-02-03,LCK,,skipped,,
2026-02-03T09:00:00+00:00,LPL,BO3,Suzhou LNG Ninebot Esports,Ultra Prime,50.0,50.0,50.0,31.2,no_roster:Suzhou LNG Ninebot Esports,Suzhou LNG Ninebot Esports,Ultra Prime,0,5,2026-02-03,LPL,,skipped,,
2026-02-03T11:00:00+00:00,LPL,BO3,Beijing JDG Intel Esports,Invictus Gaming,50.0,50.0,50.0,19.9,no_roster:Beijing JDG Intel Esports,Beijing JDG Intel Esports,Invictus Gaming,0,5,2026-02-03,LPL,,skipped,,
2026-02-03T16:00:00+00:00,Hellenic Legends League,BO2,Team Paradox,Team Insidious,50.0,50.0,50.0,50.0,no_roster:Team Paradox+Team Insidious,Team Paradox,Team Insidious,0,0,2026-02-03,HELLENIC LEGENDS LEAGUE,,skipped,,
2026-02-03T16:00:00+00:00,Hitpoint Masters,BO3,TBD,TBD,50.0,50.0,50.0,50.0,no_roster:TBD+TBD,TBD,TBD,0,0,2026-02-03,HITPOINT MASTERS,,skipped,,
2026-02-03T18:00:00+00:00,Hellenic Legends League,BO2,GOAL esports,Team Phantasma,50.0,50.0,50.0,50.0,no_roster:Team Phantasma,GAM Esports,Team Phantasma,5,0,2026-02-03,HELLENIC LEGENDS LEAGUE,,skipped,,
2026-02-03T18:00:00+00:00,Hitpoint Masters,BO3,TBD,TBD,50.0,50.0,50.0,50.0,no_roster:TBD+TBD,TBD,TBD,0,0,2026-02-03,HITPOINT MASTERS,,skipped,,
2026-02-03T21:00:00+00:00,CBLOL,BO5,TBD,TBD,50.0,50.0,50.0,50.0,no_roster:TBD+TBD,TBD,TBD,0,0,2026-02-03,CBLOL,,skipped,,
2026-02-04T08:00:00+00:00,LCK Challengers,BO5,TBD,TBD,50.0,50.0,50.0,50.0,no_roster:TBD+TBD,TBD,TBD,0,0,2026-02-04,LCK,,skipped,,
2026-02-04T09:00:00+00:00,LPL,BO3,SHANGHAI EDWARD GAMING HYCAN,Xi'an Team WE,50.0,50.0,50.0,50.0,no_roster:SHANGHAI EDWARD GAMING HYCAN+Xi'an Team WE,SHANGHAI EDWARD GAMING HYCAN,Xi'an Team WE,0,0,2026-02-04,LPL,,skipped,,
2026-02-04T11:00:00+00:00,LPL,BO3,WeiboGaming Faw Audi,Anyone's Legend,50.0,50.0,50.0,70.0,no_roster:WeiboGaming Faw Audi,WeiboGaming Faw Audi,Anyone's Legend,0,5,2026-02-04,LPL,,skipped,,
2026-02-04T16:00:00+00:00,Hellenic Legends League,BO2,ALMO Players,WLGaming,50.0,50.0,50.0,50.0,no_roster:ALMO Players+WLGaming,ALMO Players,WLGaming,0,0,2026-02-04,HELLENIC LEGENDS LEAGUE,,skipped,,
2026-02-04T16:00:00+00:00,Hitpoint Masters,BO3,TBD,TBD,50.0,50.0,50.0,50.0,no_roster:TBD+TBD,TBD,TBD,0,0,2026-02-04,HITPOINT MASTERS,,skipped,,
2026-02-04T17:00:00+00:00,LoL Italian Tournament,BO5,TBD,TBD,50.0,50.0,50.0,50.0,no_roster:TBD+TBD,TBD,TBD,0,0,2026-02-04,LOL ITALIAN TOURNAMENT,,skipped,,
2026-02-04T18:00:00+00:00,Esports Balkan League,BO3,Lupus Esports,Crvena zvezda Esports,50.0,50.0,50.0,50.0,no_roster:Lupus Esports+Crvena zvezda Esports,Lupus Esports,Crvena zvezda Esports,0,0,2026-02-04,ESPORTS BALKAN LEAGUE,,skipped,,
2026-02-04T18:00:00+00:00,Hellenic Legends League,BO2,HowL Esports,Gamespace M.C.,50.0,50.0,50.0,50.0,no_roster:Gamespace M.C.,Top Esports,Gamespace M.C.,5,0,2026-02-04,HELLENIC LEGENDS LEAGUE,,skipped,,
2026-02-04T18:00:00+00:00,Hitpoint Masters,BO3,TBD,TBD,50.0,50.0,50.0,50.0,no_roster:TBD+TBD,TBD,TBD,0,0,2026-02-04,HITPOINT MASTERS,,skipped,,
2026-02-04T20:00:00+00:00,Esports Balkan League,BO3,SPIKE Syndicate,BeFive,50.0,50.0,50.0,50.0,no_roster:SPIKE Syndicate+BeFive,SPIKE Syndicate,BeFive,0,0,2026-02-04,ESPORTS BALKAN LEAGUE,,skipped,,
2026-02-05T06:00:00+00:00,LCP,BO3,Fukuoka SoftBank HAWKS gaming,GAM Esports,70.1,29.9,95.9,82.6,ok,Fukuoka SoftBank HAWKS gaming,GAM Esports,5,5,2026-02-05,LCP,,ok,Fukuoka SoftBank HAWKS gaming|GAM Esports,no
2026-02-05T08:30:00+00:00,LCP,BO3,Deep Cross Gaming,DetonatioN FocusMe,75.0,25.0,29.8,58.3,ok,Deep Cross Gaming,DetonatioN FocusMe,5,5,2026-02-05,LCP,,ok,Deep Cross Gaming|DetonatioN FocusMe,no
2026-02-05T09:00:00+00:00,LPL,BO3,THUNDERTALKGAMING,SHENZHEN NINJAS IN PYJAMAS,10.2,89.8,10.2,89.8,ok,ThunderTalk Gaming,Ninjas in Pyjamas,5,5,2026-02-05,LPL,,ok,Ninjas in Pyjamas|ThunderTalk Gaming,yes
2026-02-05T11:00:00+00:00,LPL,BO3,Beijing JDG Intel Esports,TOPESPORTS,50.0,50.0,50.0,30.0,no_roster:Beijing JDG Intel Esports,Beijing JDG Intel Esports,Top Esports,0,5,2026-02-05,LPL,,skipped,,
2026-02-05T16:00:00+00:00,Arabian League,BO3,One More Esports,Anubis Gaming,50.0,50.0,50.0,50.0,no_roster:One More Esports+Anubis Gaming,One More Esports,Anubis Gaming,0,0,2026-02-05,ARABIAN LEAGUE,,skipped,,
2026-02-05T16:00:00+00:00,Hellenic Legends League,BO2,ALMO Players,Team Insidious,50.0,50.0,50.0,50.0,no_roster:ALMO Players+Team Insidious,ALMO Players,Team Insidious,0,0,2026-02-05,HELLENIC LEGENDS LEAGUE,,skipped,,
2026-02-05T16:00:00+00:00,Hitpoint Masters,BO3,TBD,TBD,50.0,50.0,50.0,50.0,no_roster:TBD+TBD,TBD,TBD,0,0,2026-02-05,HITPOINT MASTERS,,skipped,,
2026-02-05T17:00:00+00:00,LoL Italian Tournament,BO5,TBD,TBD,50.0,50.0,50.0,50.0,no_roster:TBD+TBD,TBD,TBD,0,0,2026-02-05,LOL ITALIAN TOURNAMENT,,skipped,,
2026-02-05T17:00:00+00:00,NLC,BO1,4 Swines & A Bum,Ruddy Corporation,50.0,50.0,50.0,50.0,no_roster:4 Swines & A Bum+Ruddy Corporation,4 Swines & A Bum,Ruddy Corporation,0,0,2026-02-05,NLC,,skipped,,
2026-02-05T18:00:00+00:00,Esports Balkan League,BO3,The Secret Club,Partizan Sangal,50.0,50.0,50.0,50.0,no_roster:The Secret Club+Partizan Sangal,The Secret Club,Partizan Sangal,0,0,2026-02-05,ESPORTS BALKAN LEAGUE,,skipped,,
2026-02-05T18:00:00+00:00,Hellenic Legends League,BO2,WLGaming,Gamespace M.C.,50.0,50.0,50.0,50.0,no_roster:WLGaming+Gamespace M.C.,WLGaming,Gamespace M.C.,0,0,2026-02-05,HELLENIC LEGENDS LEAGUE,,skipped,,
2026-02-05T18:00:00+00:00,Hitpoint Masters,BO3,TBD,TBD,50.0,50.0,50.0,50.0,no_roster:TBD+TBD,TBD,TBD,0,0,2026-02-05,HITPOINT MASTERS,,skipped,,
2026-02-05T18:00:00+00:00,NLC,BO1,Arctic Pandas Oy,Bulldog Esports,50.0,50.0,50.0,50.0,no_roster:Arctic Pandas Oy+Bulldog Esports,Arctic Pandas Oy,Bulldog Esports,0,0,2026-02-05,NLC,,skipped,,
2026-02-05T18:30:00+00:00,Arabian League,BO3,NextGeneration Esports,FN Esports,50.0,50.0,50.0,50.0,no_roster:NextGeneration Esports,NextGeneration Esports,LNG Esports,0,5,2026-02-05,ARABIAN LEAGUE,,skipped,,
2026-02-05T19:00:00+00:00,NLC,BO1,La BOMBAS,Lundqvist Lightside,50.0,50.0,50.0,50.0,no_roster:La BOMBAS+Lundqvist Lightside,La BOMBAS,Lundqvist Lightside,0,0,2026-02-05,NLC,,skipped,,
2026-02-05T20:00:00+00:00,Esports Balkan League,BO3,SPIKE Syndicate,Lupus Esports,50.0,50.0,50.0,50.0,no_roster:SPIKE Syndicate+Lupus Esports,SPIKE Syndicate,Lupus Esports,0,0,2026-02-05,ESPORTS BALKAN LEAGUE,,skipped,,
2026-02-05T20:00:00+00:00,NLC,BO1,Lund Esports Organization,DMG Esports,50.0,50.0,50.0,50.0,no_roster:Lund Esports Organization,Lund Esports Organization,G2 Esports,0,5,2026-02-05,NLC,,skipped,,
2026-02-05T21:00:00+00:00,NLC,BO1,Deer Gaming,Verdant,50.0,50.0,50.0,50.0,no_roster:Verdant,JD Gaming,Verdant,5,0,2026-02-05,NLC,,skipped,,
2026-02-06T06:00:00+00:00,LCP,BO3,Team Secret Whales,MVK Esports,92.3,7.7,17.4,4.1,ok,Team Secret Whales,V3 Esports,5,5,2026-02-06,LCP,,ok,Team Secret Whales|V3 Esports,no
2026-02-06T07:00:00+00:00,LPL,BO3,WeiboGaming Faw Audi,Invictus Gaming,50.0,50.0,50.0,50.0,no_roster:WeiboGaming Faw Audi,WeiboGaming Faw Audi,Invictus Gaming,0,5,2026-02-06,LPL,,skipped,,
2026-02-06T08:00:00+00:00,LCK,BO3,TBD,TBD,50.0,50.0,50.0,50.0,no_roster:TBD+TBD,TBD,TBD,0,0,2026-02-06,LCK,,skipped,,
2026-02-06T08:30:00+00:00,LCP,BO3,CTBC Flying Oyster,Ground Zero Gaming,88.4,11.6,70.2,41.7,ok,CTBC Flying Oyster,Ground Zero Gaming,5,5,2026-02-06,LCP,,ok,CTBC Flying Oyster|Ground Zero Gaming,no
2026-02-06T09:00:00+00:00,LPL,BO3,Anyone's Legend,BILIBILI GAMING DREAMSMART,81.9,18.1,50.0,50.0,ok,Anyone's Legend,Bilibili Gaming,5,5,2026-02-06,LPL,,ok,Anyone's Legend|Bilibili Gaming,no
2026-02-06T10:00:00+00:00,LCK,BO3,TBD,TBD,50.0,50.0,50.0,50.0,no_roster:TBD+TBD,TBD,TBD,0,0,2026-02-06,LCK,,skipped,,
2026-02-06T15:00:00+00:00,Hitpoint Masters,BO3,TBD,TBD,50.0,50.0,50.0,50.0,no_roster:TBD+TBD,TBD,TBD,0,0,2026-02-06,HITPOINT MASTERS,,skipped,,
2026-02-06T16:00:00+00:00,Arabian League,BO3,Dragons Esports,BAAM Esports,93.5,6.5,50.0,50.0,ok,Frank Esports,GAM Esports,5,5,2026-02-06,ARABIAN LEAGUE,ValueError: Roster vide : impossible d'agréger les features.,skipped,Frank Esports|GAM Esports,no
2026-02-06T17:00:00+00:00,Hitpoint Masters,BO3,TBD,TBD,50.0,50.0,50.0,50.0,no_roster:TBD+TBD,TBD,TBD,0,0,2026-02-06,HITPOINT MASTERS,,skipped,,
2026-02-06T17:00:00+00:00,LoL Italian Tournament,BO5,TBD,TBD,50.0,50.0,50.0,50.0,no_roster:TBD+TBD,TBD,TBD,0,0,2026-02-06,LOL ITALIAN TOURNAMENT,,skipped,,
2026-02-06T18:30:00+00:00,Arabian League,BO3,GNG Amazigh,3BL GALAXY ESPORTS,50.0,50.0,50.0,50.0,no_roster:GNG Amazigh+3BL GALAXY ESPORTS,GNG Amazigh,3BL GALAXY ESPORTS,0,0,2026-02-06,ARABIAN LEAGUE,,skipped,,
2026-02-06T19:00:00+00:00,Hitpoint Masters,BO3,TBD,TBD,50.0,50.0,50.0,50.0,no_roster:TBD+TBD,TBD,TBD,0,0,2026-02-06,HITPOINT MASTERS,,skipped,,
2026-02-07T06:00:00+00:00,LCP,BO3,GAM Esports,Deep Cross Gaming,19.4,80.6,29.9,75.0,ok,GAM Esports,Deep Cross Gaming,5,5,2026-02-07,LCP,,ok,Deep Cross Gaming|GAM Esports,yes
2026-02-07T08:00:00+00:00,LCK,BO3,TBD,TBD,50.0,50.0,50.0,50.0,no_roster:TBD+TBD,TBD,TBD,0,0,2026-02-07,LCK,,skipped,,
2026-02-07T08:30:00+00:00,LCP,BO3,Fukuoka SoftBank HAWKS gaming,DetonatioN FocusMe,17.9,82.1,70.1,25.0,ok,Fukuoka SoftBank HAWKS gaming,DetonatioN FocusMe,5,5,2026-02-07,LCP,,ok,DetonatioN FocusMe|Fukuoka SoftBank HAWKS gaming,yes
2026-02-07T10:00:00+00:00,LCK,BO3,TBD,TBD,50.0,50.0,50.0,50.0,no_roster:TBD+TBD,TBD,TBD,0,0,2026-02-07,LCK,,skipped,,
2026-02-07T16:00:00+00:00,CBLOL,BO3,TBD,TBD,50.0,50.0,50.0,50.0,no_roster:TBD+TBD,TBD,TBD,0,0,2026-02-07,CBLOL,,skipped,,
2026-02-07T16:00:00+00:00,LEC,BO1,Team Heretics,Fnatic,22.6,77.4,50.9,58.7,ok,Team Heretics,Fnatic,5,5,2026-02-07,LEC,,ok,Fnatic|Team Heretics,yes
2026-02-07T16:45:00+00:00,LEC,BO1,Shifters,Karmine Corp Blue,50.0,50.0,50.0,41.3,no_roster:Shifters,Shifters,Karmine Corp,0,5,2026-02-07,LEC,,skipped,,
2026-02-07T17:30:00+00:00,LEC,BO1,SK Gaming,Los Ratones,46.8,53.2,26.2,47.0,ok,SK Gaming,Los Grandes,5,5,2026-02-07,LEC,ValueError: Roster vide : impossible d'agréger les features.,skipped,Los Grandes|SK Gaming,yes
2026-02-07T18:15:00+00:00,LEC,BO1,Natus Vincere,G2 Esports,11.3,88.7,53.0,52.2,ok,Natus Vincere,G2 Esports,5,5,2026-02-07,LEC,,ok,G2 Esports|Natus Vincere,yes
2026-02-07T19:00:00+00:00,CBLOL,BO3,TBD,TBD,50.0,50.0,50.0,50.0,no_roster:TBD+TBD,TBD,TBD,0,0,2026-02-07,CBLOL,,skipped,,
2026-02-07T19:00:00+00:00,LEC,BO1,Team Vitality,Movistar KOI,54.4,45.6,47.8,49.1,ok,Team Vitality,Movistar KOI,5,5,2026-02-07,LEC,,ok,Movistar KOI|Team Vitality,yes
2026-02-07T19:45:00+00:00,LEC,BO1,Karmine Corp,GIANTX,56.1,43.9,50.0,73.8,ok,Karmine Corp,GiantX,5,5,2026-02-07,LEC,,ok,GiantX|Karmine Corp,yes
2026-02-07T21:00:00+00:00,LCS,BO3,TBD,TBD,50.0,50.0,50.0,50.0,no_roster:TBD+TBD,TBD,TBD,0,0,2026-02-07,LCS,,skipped,,
2026-02-08T00:00:00+00:00,LCS,BO3,TBD,TBD,50.0,50.0,50.0,50.0,no_roster:TBD+TBD,TBD,TBD,0,0,2026-02-08,LCS,,skipped,,
2026-02-08T06:00:00+00:00,LCP,BO3,CTBC Flying Oyster,Team Secret Whales,90.2,9.8,88.4,92.3,ok,CTBC Flying Oyster,Team Secret Whales,5,5,2026-02-08,LCP,,ok,CTBC Flying Oyster|Team Secret Whales,no
2026-02-08T08:00:00+00:00,LCK,BO5,TBD,TBD,50.0,50.0,50.0,50.0,no_roster:TBD+TBD,TBD,TBD,0,0,2026-02-08,LCK,,skipped,,
2026-02-08T08:30:00+00:00,LCP,BO3,Ground Zero Gaming,MVK Esports,87.3,12.7,11.6,7.7,ok,Ground Zero Gaming,V3 Esports,5,5,2026-02-08,LCP,,ok,Ground Zero Gaming|V3 Esports,no
2026-02-08T16:00:00+00:00,CBLOL,BO3,TBD,TBD,50.0,50.0,50.0,50.0,no_roster:TBD+TBD,TBD,TBD,0,0,2026-02-08,CBLOL,,skipped,,
2026-02-08T16:00:00+00:00,LEC,BO1,Team Vitality,Los Ratones,50.2,49.8,54.4,53.2,ok,Team Vitality,Los Grandes,5,5,2026-02-08,LEC,ValueError: Roster vide : impossible d'agréger les features.,skipped,Los Grandes|Team Vitality,yes
2026-02-08T16:45:00+00:00,LEC,BO1,Karmine Corp Blue,GIANTX,56.1,43.9,50.0,43.9,ok,Karmine Corp,GiantX,5,5,2026-02-08,LEC,,ok,GiantX|Karmine Corp,yes
2026-02-08T17:30:00+00:00,LEC,BO1,SK Gaming,Shifters,50.0,50.0,46.8,50.0,no_roster:Shifters,SK Gaming,Shifters,5,0,2026-02-08,LEC,,skipped,,
2026-02-08T18:15:00+00:00,LEC,BO1,Natus Vincere,Movistar KOI,29.8,70.2,11.3,45.6,ok,Natus Vincere,Movistar KOI,5,5,2026-02-08,LEC,,ok,Movistar KOI|Natus Vincere,yes
2026-02-08T19:00:00+00:00,CBLOL,BO3,TBD,TBD,50.0,50.0,50.0,50.0,no_roster:TBD+TBD,TBD,TBD,0,0,2026-02-08,CBLOL,,skipped,,
2026-02-08T19:00:00+00:00,LEC,BO1,Team Heretics,Karmine Corp,38.0,62.0,22.6,56.1,ok,Team Heretics,Karmine Corp,5,5,2026-02-08,LEC,,ok,Karmine Corp|Team Heretics,yes
2026-02-08T19:45:00+00:00,LEC,BO1,Fnatic,G2 Esports,44.7,55.3,77.4,88.7,ok,Fnatic,G2 Esports,5,5,2026-02-08,LEC,,ok,Fnatic|G2 Esports,no
2026-02-08T21:00:00+00:00,LCS,BO3,TBD,TBD,50.0,50.0,50.0,50.0,no_roster:TBD+TBD,TBD,TBD,0,0,2026-02-08,LCS,,skipped,,
2026-02-09T00:00:00+00:00,LCS,BO3,TBD,TBD,50.0,50.0,50.0,50.0,no_roster:TBD+TBD,TBD,TBD,0,0,2026-02-09,LCS,,skipped,,
2026-02-09T03:00:00+00:00,LCS,BO3,TBD,TBD,50.0,50.0,50.0,50.0,no_roster:TBD+TBD,TBD,TBD,0,0,2026-02-09,LCS,,skipped,,
2026-02-09T05:00:00+00:00,LCK Challengers,BO5,TBD,TBD,50.0,50.0,50.0,50.0,no_roster:TBD+TBD,TBD,TBD,0,0,2026-02-09,LCK,,skipped,,
2026-02-09T08:00:00+00:00,LCK Challengers,BO5,TBD,TBD,50.0,50.0,50.0,50.0,no_roster:TBD+TBD,TBD,TBD,0,0,2026-02-09,LCK,,skipped,,
2026-02-10T06:00:00+00:00,LPL,BO5,TBD,TBD,50.0,50.0,50.0,50.0,no_roster:TBD+TBD,TBD,TBD,0,0,2026-02-10,LPL,,skipped,,
2026-02-10T08:00:00+00:00,LCK Challengers,BO5,TBD,TBD,50.0,50.0,50.0,50.0,no_roster:TBD+TBD,TBD,TBD,0,0,2026-02-10,LCK,,skipped,,
2026-02-10T09:00:00+00:00,LPL,BO5,TBD,TBD,50.0,50.0,50.0,50.0,no_roster:TBD+TBD,TBD,TBD,0,0,2026-02-10,LPL,,skipped,,
2026-02-10T16:00:00+00:00,Hellenic Legends League,BO2,Team Insidious,Gamespace M.C.,50.0,50.0,50.0,50.0,no_roster:Team Insidious+Gamespace M.C.,Team Insidious,Gamespace M.C.,0,0,2026-02-10,HELLENIC LEGENDS LEAGUE,,skipped,,
2026-02-10T16:00:00+00:00,Hitpoint Masters,BO5,TBD,TBD,50.0,50.0,50.0,50.0,no_roster:TBD+TBD,TBD,TBD,0,0,2026-02-10,HITPOINT MASTERS,,skipped,,
2026-02-10T17:00:00+00:00,Road of Legends,BO5,TBD,TBD,50.0,50.0,50.0,50.0,no_roster:TBD+TBD,TBD,TBD,0,0,2026-02-10,ROAD OF LEGENDS,,skipped,,
2026-02-10T18:00:00+00:00,Hellenic Legends League,BO2,WLGaming,Team Phantasma,50.0,50.0,50.0,50.0,no_roster:WLGaming+Team Phantasma,WLGaming,Team Phantasma,0,0,2026-02-10,HELLENIC LEGENDS LEAGUE,,skipped,,
2026-02-11T06:00:00+00:00,LPL,BO5,TBD,TBD,50.0,50.0,50.0,50.0,no_roster:TBD+TBD,TBD,TBD,0,0,2026-02-11,LPL,,skipped,,
2026-02-11T09:00:00+00:00,LPL,BO5,TBD,TBD,50.0,50.0,50.0,50.0,no_roster:TBD+TBD,TBD,TBD,0,0,2026-02-11,LPL,,skipped,,
2026-02-11T16:00:00+00:00,Arabian League,BO3,TBD,TBD,50.0,50.0,50.0,50.0,no_roster:TBD+TBD,TBD,TBD,0,0,2026-02-11,ARABIAN LEAGUE,,skipped,,
2026-02-11T16:00:00+00:00,Hellenic Legends League,BO2,GOAL esports,Team Paradox,50.0,50.0,50.0,50.0,no_roster:Team Paradox,GAM Esports,Team Paradox,5,0,2026-02-11,HELLENIC LEGENDS LEAGUE,,skipped,,
2026-02-11T16:00:00+00:00,Hitpoint Masters,BO5,TBD,TBD,50.0,50.0,50.0,50.0,no_roster:TBD+TBD,TBD,TBD,0,0,2026-02-11,HITPOINT MASTERS,,skipped,,
2026-02-11T17:00:00+00:00,LoL Italian Tournament,BO5,TBD,TBD,50.0,50.0,50.0,50.0,no_roster:TBD+TBD,TBD,TBD,0,0,2026-02-11,LOL ITALIAN TOURNAMENT,,skipped,,
2026-02-11T18:00:00+00:00,Esports Balkan League,BO3,SPIKE Syndicate,Crvena zvezda Esports,50.0,50.0,50.0,50.0,no_roster:SPIKE Syndicate+Crvena zvezda Esports,SPIKE Syndicate,Crvena zvezda Esports,0,0,2026-02-11,ESPORTS BALKAN LEAGUE,,skipped,,
2026-02-11T18:00:00+00:00,Hellenic Legends League,BO2,ALMO Players,HowL Esports,50.0,50.0,50.0,50.0,no_roster:ALMO Players,ALMO Players,Top Esports,0,5,2026-02-11,HELLENIC LEGENDS LEAGUE,,skipped,,
2026-02-11T18:30:00+00:00,Arabian League,BO3,TBD,TBD,50.0,50.0,50.0,50.0,no_roster:TBD+TBD,TBD,TBD,0,0,2026-02-11,ARABIAN LEAGUE,,skipped,,
2026-02-12T06:00:00+00:00,LCP,BO5,TBD,TBD,50.0,50.0,50.0,50.0,no_roster:TBD+TBD,TBD,TBD,0,0,2026-02-12,LCP,,skipped,,
2026-02-12T06:00:00+00:00,LPL,BO5,TBD,TBD,50.0,50.0,50.0,50.0,no_roster:TBD+TBD,TBD,TBD,0,0,2026-02-12,LPL,,skipped,,
2026-02-12T08:00:00+00:00,LCK,BO5,TBD,TBD,50.0,50.0,50.0,50.0,no_roster:TBD+TBD,TBD,TBD,0,0,2026-02-12,LCK,,skipped,,
2026-02-12T09:00:00+00:00,LPL,BO5,TBD,TBD,50.0,50.0,50.0,50.0,no_roster:TBD+TBD,TBD,TBD,0,0,2026-02-12,LPL,,skipped,,
2026-02-12T16:00:00+00:00,Arabian League,BO3,TBD,TBD,50.0,50.0,50.0,50.0,no_roster:TBD+TBD,TBD,TBD,0,0,2026-02-12,ARABIAN LEAGUE,,skipped,,
2026-02-12T16:00:00+00:00,Hellenic Legends League,BO2,Team Paradox,Team Phantasma,50.0,50.0,50.0,50.0,no_roster:Team Paradox+Team Phantasma,Team Paradox,Team Phantasma,0,0,2026-02-12,HELLENIC LEGENDS LEAGUE,,skipped,,
2026-02-12T16:00:00+00:00,Hitpoint Masters,BO5,TBD,TBD,50.0,50.0,50.0,50.0,no_roster:TBD+TBD,TBD,TBD,0,0,2026-02-12,HITPOINT MASTERS,,skipped,,
2026-02-12T17:00:00+00:00,LoL Italian Tournament,BO5,TBD,TBD,50.0,50.0,50.0,50.0,no_roster:TBD+TBD,TBD,TBD,0,0,2026-02-12,LOL ITALIAN TOURNAMENT,,skipped,,
2026-02-12T17:00:00+00:00,NLC,BO1,Deer Gaming,4 Swines & A Bum,50.0,50.0,50.0,50.0,no_roster:4 Swines & A Bum,JD Gaming,4 Swines & A Bum,5,0,2026-02-12,NLC,,skipped,,
2026-02-12T17:00:00+00:00,Road of Legends,BO5,TBD,TBD,50.0,50.0,50.0,50.0,no_roster:TBD+TBD,TBD,TBD,0,0,2026-02-12,ROAD OF LEGENDS,,skipped,,
2026-02-12T18:00:00+00:00,Esports Balkan League,BO3,Lupus Esports,The Secret Club,50.0,50.0,50.0,50.0,no_roster:Lupus Esports+The Secret Club,Lupus Esports,The Secret Club,0,0,2026-02-12,ESPORTS BALKAN LEAGUE,,skipped,,
2026-02-12T18:00:00+00:00,Hellenic Legends League,BO2,GOAL esports,HowL Esports,44.4,55.6,50.0,50.0,ok,GAM Esports,Top Esports,5,5,2026-02-12,HELLENIC LEGENDS LEAGUE,ValueError: Roster vide : impossible d'agréger les features.,skipped,GAM Esports|Top Esports,no
2026-02-12T18:00:00+00:00,NLC,BO1,Lundqvist Lightside,Bulldog Esports,50.0,50.0,50.0,50.0,no_roster:Lundqvist Lightside+Bulldog Esports,Lundqvist Lightside,Bulldog Esports,0,0,2026-02-12,NLC,,skipped,,
2026-02-12T18:30:00+00:00,Arabian League,BO3,TBD,TBD,50.0,50.0,50.0,50.0,no_roster:TBD+TBD,TBD,TBD,0,0,2026-02-12,ARABIAN LEAGUE,,skipped,,
2026-02-12T19:00:00+00:00,NLC,BO1,Arctic Pandas Oy,Lund Esports Organization,50.0,50.0,50.0,50.0,no_roster:Arctic Pandas Oy+Lund Esports Organization,Arctic Pandas Oy,Lund Esports Organization,0,0,2026-02-12,NLC,,skipped,,
2026-02-12T20:00:00+00:00,Esports Balkan League,BO3,BeFive,Partizan Sangal,50.0,50.0,50.0,50.0,no_roster:BeFive+Partizan Sangal,BeFive,Partizan Sangal,0,0,2026-02-12,ESPORTS BALKAN LEAGUE,,skipped,,
2026-02-12T20:00:00+00:00,NLC,BO1,La BOMBAS,Verdant,50.0,50.0,50.0,50.0,no_roster:La BOMBAS+Verdant,La BOMBAS,Verdant,0,0,2026-02-12,NLC,,skipped,,
2026-02-12T21:00:00+00:00,NLC,BO1,DMG Esports,Ruddy Corporation,50.0,50.0,50.0,50.0,no_roster:Ruddy Corporation,G2 Esports,Ruddy Corporation,5,0,2026-02-12,NLC,,skipped,,
2026-02-13T06:00:00+00:00,LCP,BO5,TBD,TBD,50.0,50.0,50.0,50.0,no_roster:TBD+TBD,TBD,TBD,0,0,2026-02-13,LCP,,skipped,,
2026-02-13T08:00:00+00:00,LCK,BO5,TBD,TBD,50.0,50.0,50.0,50.0,no_roster:TBD+TBD,TBD,TBD,0,0,2026-02-13,LCK,,skipped,,
2026-02-13T16:00:00+00:00,Arabian League,BO3,TBD,TBD,50.0,50.0,50.0,50.0,no_roster:TBD+TBD,TBD,TBD,0,0,2026-02-13,ARABIAN LEAGUE,,skipped,,
2026-02-13T16:00:00+00:00,Hitpoint Masters,BO5,TBD,TBD,50.0,50.0,50.0,50.0,no_roster:TBD+TBD,TBD,TBD,0,0,2026-02-13,HITPOINT MASTERS,,skipped,,
2026-02-13T17:00:00+00:00,LoL Italian Tournament,BO5,TBD,TBD,50.0,50.0,50.0,50.0,no_roster:TBD+TBD,TBD,TBD,0,0,2026-02-13,LOL ITALIAN TOURNAMENT,,skipped,,
2026-02-13T18:00:00+00:00,Esports Balkan League,BO3,BeFive,The Secret Club,50.0,50.0,50.0,50.0,no_roster:BeFive+The Secret Club,BeFive,The Secret Club,0,0,2026-02-13,ESPORTS BALKAN LEAGUE,,skipped,,
2026-02-13T18:30:00+00:00,Arabian League,BO3,TBD,TBD,50.0,50.0,50.0,50.0,no_roster:TBD+TBD,TBD,TBD,0,0,2026-02-13,ARABIAN LEAGUE,,skipped,,
2026-02-13T20:00:00+00:00,Esports Balkan League,BO3,Partizan Sangal,Crvena zvezda Esports,50.0,50.0,50.0,50.0,no_roster:Partizan Sangal+Crvena zvezda Esports,Partizan Sangal,Crvena zvezda Esports,0,0,2026-02-13,ESPORTS BALKAN LEAGUE,,skipped,,
2026-02-14T06:00:00+00:00,LCP,BO5,TBD,TBD,50.0,50.0,50.0,50.0,no_roster:TBD+TBD,TBD,TBD,0,0,2026-02-14,LCP,,skipped,,
2026-02-14T08:00:00+00:00,LCK,BO5,TBD,TBD,50.0,50.0,50.0,50.0,no_roster:TBD+TBD,TBD,TBD,0,0,2026-02-14,LCK,,skipped,,
2026-02-14T16:00:00+00:00,CBLOL,BO5,TBD,TBD,50.0,50.0,50.0,50.0,no_roster:TBD+TBD,TBD,TBD,0,0,2026-02-14,CBLOL,,skipped,,
2026-02-14T21:00:00+00:00,LCS,BO5,TBD,TBD,50.0,50.0,50.0,50.0,no_roster:TBD+TBD,TBD,TBD,0,0,2026-02-14,LCS,,skipped,,
2026-02-15T06:00:00+00:00,LCP,BO5,TBD,TBD,50.0,50.0,50.0,50.0,no_roster:TBD+TBD,TBD,TBD,0,0,2026-02-15,LCP,,skipped,,
2026-02-15T08:00:00+00:00,LCK,BO5,TBD,TBD,50.0,50.0,50.0,50.0,no_roster:TBD+TBD,TBD,TBD,0,0,2026-02-15,LCK,,skipped,,
2026-02-15T13:00:00+00:00,Hitpoint Masters,BO5,TBD,TBD,50.0,50.0,50.0,50.0,no_roster:TBD+TBD,TBD,TBD,0,0,2026-02-15,HITPOINT MASTERS,,skipped,,
2026-02-15T16:00:00+00:00,CBLOL,BO5,TBD,TBD,50.0,50.0,50.0,50.0,no_roster:TBD+TBD,TBD,TBD,0,0,2026-02-15,CBLOL,,skipped,,
2026-02-15T17:00:00+00:00,Hitpoint Masters,BO5,TBD,TBD,50.0,50.0,50.0,50.0,no_roster:TBD+TBD,TBD,TBD,0,0,2026-02-15,HITPOINT MASTERS,,skipped,,
2026-02-15T21:00:00+00:00,LCS,BO5,TBD,TBD,50.0,50.0,50.0,50.0,no_roster:TBD+TBD,TBD,TBD,0,0,2026-02-15,LCS,,skipped,,
2026-02-17T17:00:00+00:00,Road of Legends,BO5,TBD,TBD,50.0,50.0,50.0,50.0,no_roster:TBD+TBD,TBD,TBD,0,0,2026-02-17,ROAD OF LEGENDS,,skipped,,
2026-02-18T16:00:00+00:00,Arabian League,BO3,TBD,TBD,50.0,50.0,50.0,50.0,no_roster:TBD+TBD,TBD,TBD,0,0,2026-02-18,ARABIAN LEAGUE,,skipped,,
2026-02-18T16:00:00+00:00,Hitpoint Masters,BO5,TBD,TBD,50.0,50.0,50.0,50.0,no_roster:TBD+TBD,TBD,TBD,0,0,2026-02-18,HITPOINT MASTERS,,skipped,,
2026-02-18T18:00:00+00:00,Esports Balkan League,BO3,TBD,TBD,50.0,50.0,50.0,50.0,no_roster:TBD+TBD,TBD,TBD,0,0,2026-02-18,ESPORTS BALKAN LEAGUE,,skipped,,
2026-02-18T18:30:00+00:00,Arabian League,BO3,TBD,TBD,50.0,50.0,50.0,50.0,no_roster:TBD+TBD,TBD,TBD,0,0,2026-02-18,ARABIAN LEAGUE,,skipped,,
2026-02-18T20:00:00+00:00,Esports Balkan League,BO3,TBD,TBD,50.0,50.0,50.0,50.0,no_roster:TBD+TBD,TBD,TBD,0,0,2026-02-18,ESPORTS BALKAN LEAGUE,,skipped,,
2026-02-19T08:00:00+00:00,LCK,BO5,TBD,TBD,50.0,50.0,50.0,50.0,no_roster:TBD+TBD,TBD,TBD,0,0,2026-02-19,LCK,,skipped,,
2026-02-19T16:00:00+00:00,Arabian League,BO3,TBD,TBD,50.0,50.0,50.0,50.0,no_roster:TBD+TBD,TBD,TBD,0,0,2026-02-19,ARABIAN LEAGUE,,skipped,,
2026-02-19T16:00:00+00:00,Hitpoint Masters,BO5,TBD,TBD,50.0,50.0,50.0,50.0,no_roster:TBD+TBD,TBD,TBD,0,0,2026-02-19,HITPOINT MASTERS,,skipped,,
2026-02-19T17:00:00+00:00,NLC,BO1,4 Swines & A Bum,La BOMBAS,50.0,50.0,50.0,50.0,no_roster:4 Swines & A Bum+La BOMBAS,4 Swines & A Bum,La BOMBAS,0,0,2026-02-19,NLC,,skipped,,
2026-02-19T17:00:00+00:00,Road of Legends,BO5,TBD,TBD,50.0,50.0,50.0,50.0,no_roster:TBD+TBD,TBD,TBD,0,0,2026-02-19,ROAD OF LEGENDS,,skipped,,
2026-02-19T18:00:00+00:00,Esports Balkan League,BO3,TBD,TBD,50.0,50.0,50.0,50.0,no_roster:TBD+TBD,TBD,TBD,0,0,2026-02-19,ESPORTS BALKAN LEAGUE,,skipped,,
2026-02-19T18:00:00+00:00,NLC,BO1,Lund Esports Organization,Bulldog Esports,50.0,50.0,50.0,50.0,no_roster:Lund Esports Organization+Bulldog Esports,Lund Esports Organization,Bulldog Esports,0,0,2026-02-19,NLC,,skipped,,
2026-02-19T18:30:00+00:00,Arabian League,BO3,TBD,TBD,50.0,50.0,50.0,50.0,no_roster:TBD+TBD,TBD,TBD,0,0,2026-02-19,ARABIAN LEAGUE,,skipped,,
2026-02-19T19:00:00+00:00,NLC,BO1,Deer Gaming,DMG Esports,41.7,58.3,50.0,50.0,ok,JD Gaming,G2 Esports,5,5,2026-02-19,NLC,ValueError: Roster vide : impossible d'agréger les features.,skipped,G2 Esports|JD Gaming,yes
2026-02-19T20:00:00+00:00,Esports Balkan League,BO3,TBD,TBD,50.0,50.0,50.0,50.0,no_roster:TBD+TBD,TBD,TBD,0,0,2026-02-19,ESPORTS BALKAN LEAGUE,,skipped,,
2026-02-19T20:00:00+00:00,NLC,BO1,Arctic Pandas Oy,Ruddy Corporation,50.0,50.0,50.0,50.0,no_roster:Arctic Pandas Oy+Ruddy Corporation,Arctic Pandas Oy,Ruddy Corporation,0,0,2026-02-19,NLC,,skipped,,
2026-02-19T21:00:00+00:00,NLC,BO1,Lundqvist Lightside,Verdant,50.0,50.0,50.0,50.0,no_roster:Lundqvist Lightside+Verdant,Lundqvist Lightside,Verdant,0,0,2026-02-19,NLC,,skipped,,
2026-02-20T08:00:00+00:00,LCK,BO5,TBD,TBD,50.0,50.0,50.0,50.0,no_roster:TBD+TBD,TBD,TBD,0,0,2026-02-20,LCK,,skipped,,
2026-02-20T16:00:00+00:00,Arabian League,BO3,TBD,TBD,50.0,50.0,50.0,50.0,no_roster:TBD+TBD,TBD,TBD,0,0,2026-02-20,ARABIAN LEAGUE,,skipped,,
2026-02-20T21:00:00+00:00,LCS,BO5,TBD,TBD,50.0,50.0,50.0,50.0,no_roster:TBD+TBD,TBD,TBD,0,0,2026-02-20,LCS,,skipped,,
2026-02-21T08:00:00+00:00,LCK,BO5,TBD,TBD,50.0,50.0,50.0,50.0,no_roster:TBD+TBD,TBD,TBD,0,0,2026-02-21,LCK,,skipped,,
2026-02-21T16:00:00+00:00,CBLOL,BO5,TBD,TBD,50.0,50.0,50.0,50.0,no_roster:TBD+TBD,TBD,TBD,0,0,2026-02-21,CBLOL,,skipped,,
2026-02-21T21:00:00+00:00,LCS,BO5,TBD,TBD,50.0,50.0,50.0,50.0,no_roster:TBD+TBD,TBD,TBD,0,0,2026-02-21,LCS,,skipped,,
2026-02-22T08:00:00+00:00,LCK,BO5,TBD,TBD,50.0,50.0,50.0,50.0,no_roster:TBD+TBD,TBD,TBD,0,0,2026-02-22,LCK,,skipped,,
2026-02-22T16:00:00+00:00,CBLOL,BO5,TBD,TBD,50.0,50.0,50.0,50.0,no_roster:TBD+TBD,TBD,TBD,0,0,2026-02-22,CBLOL,,skipped,,
2026-02-22T21:00:00+00:00,LCS,BO5,TBD,TBD,50.0,50.0,50.0,50.0,no_roster:TBD+TBD,TBD,TBD,0,0,2026-02-22,LCS,,skipped,,
2026-02-23T05:00:00+00:00,LCK Challengers,BO5,TBD,TBD,50.0,50.0,50.0,50.0,no_roster:TBD+TBD,TBD,TBD,0,0,2026-02-23,LCK,,skipped,,
2026-02-23T08:00:00+00:00,LCK Challengers,BO5,TBD,TBD,50.0,50.0,50.0,50.0,no_roster:TBD+TBD,TBD,TBD,0,0,2026-02-23,LCK,,skipped,,
2026-02-23T16:00:00+00:00,CBLOL,BO5,TBD,TBD,50.0,50.0,50.0,50.0,no_roster:TBD+TBD,TBD,TBD,0,0,2026-02-23,CBLOL,,skipped,,
2026-02-24T06:00:00+00:00,LPL,BO5,TBD,TBD,50.0,50.0,50.0,50.0,no_roster:TBD+TBD,TBD,TBD,0,0,2026-02-24,LPL,,skipped,,
2026-02-24T08:00:00+00:00,LCK Challengers,BO5,TBD,TBD,50.0,50.0,50.0,50.0,no_roster:TBD+TBD,TBD,TBD,0,0,2026-02-24,LCK,,skipped,,
2026-02-24T09:00:00+00:00,LPL,BO5,TBD,TBD,50.0,50.0,50.0,50.0,no_roster:TBD+TBD,TBD,TBD,0,0,2026-02-24,LPL,,skipped,,
2026-02-24T16:00:00+00:00,Arabian League,BO5,TBD,TBD,50.0,50.0,50.0,50.0,no_roster:TBD+TBD,TBD,TBD,0,0,2026-02-24,ARABIAN LEAGUE,,skipped,,
2026-02-24T16:00:00+00:00,Hitpoint Masters,BO5,TBD,TBD,50.0,50.0,50.0,50.0,no_roster:TBD+TBD,TBD,TBD,0,0,2026-02-24,HITPOINT MASTERS,,skipped,,
2026-02-25T06:00:00+00:00,LPL,BO5,TBD,TBD,50.0,50.0,50.0,50.0,no_roster:TBD+TBD,TBD,TBD,0,0,2026-02-25,LPL,,skipped,,
2026-02-25T08:00:00+00:00,LCK Challengers,BO5,TBD,TBD,50.0,50.0,50.0,50.0,no_roster:TBD+TBD,TBD,TBD,0,0,2026-02-25,LCK,,skipped,,
2026-02-25T09:00:00+00:00,LPL,BO5,TBD,TBD,50.0,50.0,50.0,50.0,no_roster:TBD+TBD,TBD,TBD,0,0,2026-02-25,LPL,,skipped,,
2026-02-25T16:00:00+00:00,Arabian League,BO5,TBD,TBD,50.0,50.0,50.0,50.0,no_roster:TBD+TBD,TBD,TBD,0,0,2026-02-25,ARABIAN LEAGUE,,skipped,,
2026-02-25T16:00:00+00:00,Hitpoint Masters,BO5,TBD,TBD,50.0,50.0,50.0,50.0,no_roster:TBD+TBD,TBD,TBD,0,0,2026-02-25,HITPOINT MASTERS,,skipped,,
2026-02-25T17:00:00+00:00,NLC,BO1,4 Swines & A Bum,Lund Esports Organization,50.0,50.0,50.0,50.0,no_roster:4 Swines & A Bum+Lund Esports Organization,4 Swines & A Bum,Lund Esports Organization,0,0,2026-02-25,NLC,,skipped,,
2026-02-25T17:00:00+00:00,Prime League,BO5,TBD,TBD,50.0,50.0,50.0,50.0,no_roster:TBD+TBD,TBD,TBD,0,0,2026-02-25,PRIME LEAGUE,,skipped,,
2026-02-25T18:00:00+00:00,Esports Balkan League,BO3,TBD,TBD,50.0,50.0,50.0,50.0,no_roster:TBD+TBD,TBD,TBD,0,0,2026-02-25,ESPORTS BALKAN LEAGUE,,skipped,,
2026-02-25T18:00:00+00:00,NLC,BO1,La BOMBAS,Bulldog Esports,50.0,50.0,50.0,50.0,no_roster:La BOMBAS+Bulldog Esports,La BOMBAS,Bulldog Esports,0,0,2026-02-25,NLC,,skipped,,
2026-02-25T19:00:00+00:00,NLC,BO1,Ruddy Corporation,Verdant,50.0,50.0,50.0,50.0,no_roster:Ruddy Corporation+Verdant,Ruddy Corporation,Verdant,0,0,2026-02-25,NLC,,skipped,,
2026-02-25T20:00:00+00:00,Esports Balkan League,BO3,TBD,TBD,50.0,50.0,50.0,50.0,no_roster:TBD+TBD,TBD,TBD,0,0,2026-02-25,ESPORTS BALKAN LEAGUE,,skipped,,
2026-02-25T20:00:00+00:00,NLC,BO1,Deer Gaming,Lundqvist Lightside,50.0,50.0,41.7,50.0,no_roster:Lundqvist Lightside,JD Gaming,Lundqvist Lightside,5,0,2026-02-25,NLC,,skipped,,
2026-02-25T21:00:00+00:00,NLC,BO1,Arctic Pandas Oy,DMG Esports,50.0,50.0,50.0,58.3,no_roster:Arctic Pandas Oy,Arctic Pandas Oy,G2 Esports,0,5,2026-02-25,NLC,,skipped,,
2026-02-26T06:00:00+00:00,LCP,BO5,TBD,TBD,50.0,50.0,50.0,50.0,no_roster:TBD+TBD,TBD,TBD,0,0,2026-02-26,LCP,,skipped,,
2026-02-26T08:00:00+00:00,LCK Challengers,BO5,TBD,TBD,50.0,50.0,50.0,50.0,no_roster:TBD+TBD,TBD,TBD,0,0,2026-02-26,LCK,,skipped,,
2026-02-26T09:00:00+00:00,LPL,BO5,TBD,TBD,50.0,50.0,50.0,50.0,no_roster:TBD+TBD,TBD,TBD,0,0,2026-02-26,LPL,,skipped,,
2026-02-26T16:00:00+00:00,Arabian League,BO5,TBD,TBD,50.0,50.0,50.0,50.0,no_roster:TBD+TBD,TBD,TBD,0,0,2026-02-26,ARABIAN LEAGUE,,skipped,,
2026-02-26T16:00:00+00:00,Hitpoint Masters,BO5,TBD,TBD,50.0,50.0,50.0,50.0,no_roster:TBD+TBD,TBD,TBD,0,0,2026-02-26,HITPOINT MASTERS,,skipped,,
2026-02-26T17:00:00+00:00,NLC,BO1,4 Swines & A Bum,Lundqvist Lightside,50.0,50.0,50.0,50.0,no_roster:4 Swines & A Bum+Lundqvist Lightside,4 Swines & A Bum,Lundqvist Lightside,0,0,2026-02-26,NLC,,skipped,,
2026-02-26T17:00:00+00:00,Prime League,BO5,TBD,TBD,50.0,50.0,50.0,50.0,no_roster:TBD+TBD,TBD,TBD,0,0,2026-02-26,PRIME LEAGUE,,skipped,,
2026-02-26T18:00:00+00:00,Esports Balkan League,BO3,TBD,TBD,50.0,50.0,50.0,50.0,no_roster:TBD+TBD,TBD,TBD,0,0,2026-02-26,ESPORTS BALKAN LEAGUE,,skipped,,
2026-02-26T18:00:00+00:00,NLC,BO1,Verdant,Bulldog Esports,50.0,50.0,50.0,50.0,no_roster:Verdant+Bulldog Esports,Verdant,Bulldog Esports,0,0,2026-02-26,NLC,,skipped,,
2026-02-26T19:00:00+00:00,NLC,BO1,La BOMBAS,DMG Esports,50.0,50.0,50.0,50.0,no_roster:La BOMBAS,La BOMBAS,G2 Esports,0,5,2026-02-26,NLC,,skipped,,
2026-02-26T20:00:00+00:00,Esports Balkan League,BO3,TBD,TBD,50.0,50.0,50.0,50.0,no_roster:TBD+TBD,TBD,TBD,0,0,2026-02-26,ESPORTS BALKAN LEAGUE,,skipped,,
2026-02-26T20:00:00+00:00,NLC,BO1,Lund Esports Organization,Ruddy Corporation,50.0,50.0,50.0,50.0,no_roster:Lund Esports Organization+Ruddy Corporation,Lund Esports Organization,Ruddy Corporation,0,0,2026-02-26,NLC,,skipped,,
2026-02-26T21:00:00+00:00,NLC,BO1,Deer Gaming,Arctic Pandas Oy,50.0,50.0,50.0,50.0,no_roster:Arctic Pandas Oy,JD Gaming,Arctic Pandas Oy,5,0,2026-02-26,NLC,,skipped,,
2026-02-27T06:00:00+00:00,LCP,BO5,TBD,TBD,50.0,50.0,50.0,50.0,no_roster:TBD+TBD,TBD,TBD,0,0,2026-02-27,LCP,,skipped,,
2026-02-27T08:00:00+00:00,LCK,BO5,TBD,TBD,50.0,50.0,50.0,50.0,no_roster:TBD+TBD,TBD,TBD,0,0,2026-02-27,LCK,,skipped,,
2026-02-27T09:00:00+00:00,LPL,BO5,TBD,TBD,50.0,50.0,50.0,50.0,no_roster:TBD+TBD,TBD,TBD,0,0,2026-02-27,LPL,,skipped,,
2026-02-27T21:00:00+00:00,LCS,BO5,TBD,TBD,50.0,50.0,50.0,50.0,no_roster:TBD+TBD,TBD,TBD,0,0,2026-02-27,LCS,,skipped,,
2026-02-28T06:00:00+00:00,LCP,BO5,TBD,TBD,50.0,50.0,50.0,50.0,no_roster:TBD+TBD,TBD,TBD,0,0,2026-02-28,LCP,,skipped,,
2026-02-28T08:00:00+00:00,LCK,BO5,TBD,TBD,50.0,50.0,50.0,50.0,no_roster:TBD+TBD,TBD,TBD,0,0,2026-02-28,LCK,,skipped,,
2026-02-28T09:00:00+00:00,LPL,BO5,TBD,TBD,50.0,50.0,50.0,50.0,no_roster:TBD+TBD,TBD,TBD,0,0,2026-02-28,LPL,,skipped,,
2026-02-28T16:00:00+00:00,CBLOL,BO5,TBD,TBD,50.0,50.0,50.0,50.0,no_roster:TBD+TBD,TBD,TBD,0,0,2026-02-28,CBLOL,,skipped,,
2026-02-28T17:00:00+00:00,LoL Italian Tournament,BO5,TBD,TBD,50.0,50.0,50.0,50.0,no_roster:TBD+TBD,TBD,TBD,0,0,2026-02-28,LOL ITALIAN TOURNAMENT,,skipped,,
2026-02-28T21:00:00+00:00,LCS,BO5,TBD,TBD,50.0,50.0,50.0,50.0,no_roster:TBD+TBD,TBD,TBD,0,0,2026-02-28,LCS,,skipped,,
2026-03-01T06:00:00+00:00,LCP,BO5,TBD,TBD,50.0,50.0,50.0,50.0,no_roster:TBD+TBD,TBD,TBD,0,0,2026-03-01,LCP,,skipped,,
2026-03-01T09:00:00+00:00,LPL,BO5,TBD,TBD,50.0,50.0,50.0,50.0,no_roster:TBD+TBD,TBD,TBD,0,0,2026-03-01,LPL,,skipped,,
2026-03-01T21:00:00+00:00,LCS,BO5,TBD,TBD,50.0,50.0,50.0,50.0,no_roster:TBD+TBD,TBD,TBD,0,0,2026-03-01,LCS,,skipped,,
2026-03-02T08:00:00+00:00,LCK Challengers,BO5,TBD,TBD,50.0,50.0,50.0,50.0,no_roster:TBD+TBD,TBD,TBD,0,0,2026-03-02,LCK,,skipped,,
2026-03-02T09:00:00+00:00,LPL,BO5,TBD,TBD,50.0,50.0,50.0,50.0,no_roster:TBD+TBD,TBD,TBD,0,0,2026-03-02,LPL,,skipped,,
2026-03-03T08:00:00+00:00,LCK Challengers,BO5,TBD,TBD,50.0,50.0,50.0,50.0,no_roster:TBD+TBD,TBD,TBD,0,0,2026-03-03,LCK,,skipped,,
2026-03-03T09:00:00+00:00,LPL,BO5,TBD,TBD,50.0,50.0,50.0,50.0,no_roster:TBD+TBD,TBD,TBD,0,0,2026-03-03,LPL,,skipped,,
2026-03-03T16:00:00+00:00,Hitpoint Masters,BO5,TBD,TBD,50.0,50.0,50.0,50.0,no_roster:TBD+TBD,TBD,TBD,0,0,2026-03-03,HITPOINT MASTERS,,skipped,,
2026-03-03T17:00:00+00:00,Prime League,BO5,TBD,TBD,50.0,50.0,50.0,50.0,no_roster:TBD+TBD,TBD,TBD,0,0,2026-03-03,PRIME LEAGUE,,skipped,,
2026-03-03T18:00:00+00:00,Esports Balkan League,BO3,TBD,TBD,50.0,50.0,50.0,50.0,no_roster:TBD+TBD,TBD,TBD,0,0,2026-03-03,ESPORTS BALKAN LEAGUE,,skipped,,
2026-03-03T20:00:00+00:00,Esports Balkan League,BO3,TBD,TBD,50.0,50.0,50.0,50.0,no_roster:TBD+TBD,TBD,TBD,0,0,2026-03-03,ESPORTS BALKAN LEAGUE,,skipped,,
2026-03-04T09:00:00+00:00,LPL,BO5,TBD,TBD,50.0,50.0,50.0,50.0,no_roster:TBD+TBD,TBD,TBD,0,0,2026-03-04,LPL,,skipped,,
2026-03-04T17:00:00+00:00,NLC,BO5,TBD,TBD,50.0,50.0,50.0,50.0,no_roster:TBD+TBD,TBD,TBD,0,0,2026-03-04,NLC,,skipped,,
2026-03-04T17:00:00+00:00,Prime League,BO5,TBD,TBD,50.0,50.0,50.0,50.0,no_roster:TBD+TBD,TBD,TBD,0,0,2026-03-04,PRIME LEAGUE,,skipped,,
2026-03-04T18:00:00+00:00,Esports Balkan League,BO3,TBD,TBD,50.0,50.0,50.0,50.0,no_roster:TBD+TBD,TBD,TBD,0,0,2026-03-04,ESPORTS BALKAN LEAGUE,,skipped,,
2026-03-04T20:00:00+00:00,Esports Balkan League,BO3,TBD,TBD,50.0,50.0,50.0,50.0,no_roster:TBD+TBD,TBD,TBD,0,0,2026-03-04,ESPORTS BALKAN LEAGUE,,skipped,,
2026-03-05T09:00:00+00:00,LPL,BO5,TBD,TBD,50.0,50.0,50.0,50.0,no_roster:TBD+TBD,TBD,TBD,0,0,2026-03-05,LPL,,skipped,,
2026-03-05T16:00:00+00:00,Hitpoint Masters,BO5,TBD,TBD,50.0,50.0,50.0,50.0,no_roster:TBD+TBD,TBD,TBD,0,0,2026-03-05,HITPOINT MASTERS,,skipped,,
2026-03-05T17:00:00+00:00,NLC,BO5,TBD,TBD,50.0,50.0,50.0,50.0,no_roster:TBD+TBD,TBD,TBD,0,0,2026-03-05,NLC,,skipped,,
2026-03-05T17:00:00+00:00,Prime League,BO5,TBD,TBD,50.0,50.0,50.0,50.0,no_roster:TBD+TBD,TBD,TBD,0,0,2026-03-05,PRIME LEAGUE,,skipped,,
2026-03-05T18:00:00+00:00,Esports Balkan League,BO5,TBD,TBD,50.0,50.0,50.0,50.0,no_roster:TBD+TBD,TBD,TBD,0,0,2026-03-05,ESPORTS BALKAN LEAGUE,,skipped,,
2026-03-06T17:00:00+00:00,NLC,BO5,TBD,TBD,50.0,50.0,50.0,50.0,no_roster:TBD+TBD,TBD,TBD,0,0,2026-03-06,NLC,,skipped,,
2026-03-06T17:00:00+00:00,Prime League,BO5,TBD,TBD,50.0,50.0,50.0,50.0,no_roster:TBD+TBD,TBD,TBD,0,0,2026-03-06,PRIME LEAGUE,,skipped,,
2026-03-06T18:00:00+00:00,Esports Balkan League,BO5,TBD,TBD,50.0,50.0,50.0,50.0,no_roster:TBD+TBD,TBD,TBD,0,0,2026-03-06,ESPORTS BALKAN LEAGUE,,skipped,,
2026-03-07T09:00:00+00:00,LPL,BO5,TBD,TBD,50.0,50.0,50.0,50.0,no_roster:TBD+TBD,TBD,TBD,0,0,2026-03-07,LPL,,skipped,,
2026-03-07T16:00:00+00:00,Hitpoint Masters,BO5,TBD,TBD,50.0,50.0,50.0,50.0,no_roster:TBD+TBD,TBD,TBD,0,0,2026-03-07,HITPOINT MASTERS,,skipped,,
2026-03-07T17:00:00+00:00,NLC,BO5,TBD,TBD,50.0,50.0,50.0,50.0,no_roster:TBD+TBD,TBD,TBD,0,0,2026-03-07,NLC,,skipped,,
2026-03-08T09:00:00+00:00,LPL,BO5,TBD,TBD,50.0,50.0,50.0,50.0,no_roster:TBD+TBD,TBD,TBD,0,0,2026-03-08,LPL,,skipped,,
