match_date_utc,league,bo_format,team1,team2,proba_team1,proba_team2,last_proba_team1,last_proba_team2,used_team1,used_team2,conf_team1,conf_team2,model_info,status,debug_error,symmetry_check,match_dt,t1_norm,t2_norm,fixtureId,startTimeUTC,tournamentName,participant1Name,participant2Name,match_quality_team_score,match_quality_time_delta_min,has_odds_match,p_used1,p_used2,used1_norm,used2_norm,part1_norm,part2_norm,is_swapped,p_participant1,p_participant2,pinnacle_team1,pinnacle_team2,reco_pinnacle,reco_pinnacle_odds,reco_pinnacle_ev,reco_pinnacle_text,polymarket_team1,polymarket_team2,reco_polymarket,reco_polymarket_odds,reco_polymarket_ev,reco_polymarket_text,stake_team1,stake_team2,reco_stake,reco_stake_odds,reco_stake_ev,reco_stake_text,best_bookmaker,best_bet,best_odds,best_ev
2026-09-29T15:00:00+00:00,EMEA Masters,BO1,Valerion,Skillcamp,0.5,0.5,0.5,0.5,Varona Esports,Skillcamp,0.714,1.0,GameModelV5_LGBM+XGB+CAT,"low_confidence:Valerion->Varona Esports(0.71,fuzzy:varona)","low_confidence:Valerion->Varona Esports(0.71,fuzzy:varona)",skipped,2026-09-29 15:00:00,varona esports,skillcamp,,,,,,,,False,,,varona esports,skillcamp,,,False,,,,,NO BET,,,NO BET,,,NO BET,,,NO BET,,,NO BET,,,NO BET,,NO BET,,
2026-09-29T15:00:00+00:00,EMEA Masters,BO1,MAGAZA,Barça Esports,0.5,0.5,0.5,0.5,MEGA,Barça eSports,0.6,1.0,GameModelV5_LGBM+XGB+CAT,"low_confidence:MAGAZA->MEGA(0.60,fuzzy:mega)","low_confidence:MAGAZA->MEGA(0.60,fuzzy:mega)",skipped,2026-09-29 15:00:00,mega,barca esports,,,,,,,,False,,,mega,barca esports,,,False,,,,,NO BET,,,NO BET,,,NO BET,,,NO BET,,,NO BET,,,NO BET,,NO BET,,
2026-09-29T15:00:00+00:00,EMEA Masters,BO1,Colossal Gaming,Avella SU Esports,0.5,0.5,0.5,0.5,Colors Esport,SU Esports,0.714,0.7,GameModelV5_LGBM+XGB+CAT,"low_confidence:Colossal Gaming->Colors Esport(0.71,fuzzy:colors)+Avella SU Esports->SU Esports(0.70,contains:su esports)","low_confidence:Colossal Gaming->Colors Esport(0.71,fuzzy:colors)+Avella SU Esports->SU Esports(0.70,contains:su esports)",skipped,2026-09-29 15:00:00,colors esport,su esports,,,,,,,,False,,,colors esport,su esports,,,False,,,,,NO BET,,,NO BET,,,NO BET,,,NO BET,,,NO BET,,,NO BET,,NO BET,,
2026-09-29T15:00:00+00:00,EMEA Masters,BO1,G2 NORD,Ruddy Corporation,0.77159,0.22841,0.77159,0.22841,G2 NORD,Ruddy Corporation,1.0,1.0,GameModelV5_LGBM+XGB+CAT,ok,,ok,2026-09-29 15:00:00,g2 nord,ruddy corporation,,,,,,,,False,,,g2 nord,ruddy corporation,,,False,,,,,NO BET,,,NO BET,,,NO BET,,,NO BET,,,NO BET,,,NO BET,,NO BET,,
2026-09-29T16:00:00+00:00,EMEA Masters,BO1,Frites Esports Club,Gamespace M.C.,0.5,0.5,0.5,0.5,Fortress Esports,GAM Esports,0.714,0.7,GameModelV5_LGBM+XGB+CAT,"low_confidence:Frites Esports Club->Fortress Esports(0.71,fuzzy:fortress)+Gamespace M.C.->GAM Esports(0.70,contains:gam esports)","low_confidence:Frites Esports Club->Fortress Esports(0.71,fuzzy:fortress)+Gamespace M.C.->GAM Esports(0.70,contains:gam esports)",skipped,2026-09-29 16:00:00,fortress esports,gam esports,,,,,,,,False,,,fortress esports,gam esports,,,False,,,,,NO BET,,,NO BET,,,NO BET,,,NO BET,,,NO BET,,,NO BET,,NO BET,,
2026-09-29T16:00:00+00:00,EMEA Masters,BO1,JSK Gamefy,Unicorns of Love Sexy Edition,0.5,0.5,0.5,0.5,GAM Esports,Unicorns of Love Sexy Edition,0.7,1.0,GameModelV5_LGBM+XGB+CAT,"low_confidence:JSK Gamefy->GAM Esports(0.70,contains:gam esports)","low_confidence:JSK Gamefy->GAM Esports(0.70,contains:gam esports)",skipped,2026-09-29 16:00:00,gam esports,unicorns of love sexy edition,,,,,,,,False,,,gam esports,unicorns of love sexy edition,,,False,,,,,NO BET,,,NO BET,,,NO BET,,,NO BET,,,NO BET,,,NO BET,,NO BET,,
2026-09-29T16:00:00+00:00,EMEA Masters,BO1,PCIFIC Esports,NightBirds,0.5,0.5,0.5,0.5,PCIFIC Esports,Nightblood Gaming,1.0,0.7,GameModelV5_LGBM+XGB+CAT,"low_confidence:NightBirds->Nightblood Gaming(0.70,fuzzy:nightblood)","low_confidence:NightBirds->Nightblood Gaming(0.70,fuzzy:nightblood)",skipped,2026-09-29 16:00:00,pcific esports,nightblood gaming,,,,,,,,False,,,pcific esports,nightblood gaming,,,False,,,,,NO BET,,,NO BET,,,NO BET,,,NO BET,,,NO BET,,,NO BET,,NO BET,,
2026-09-29T16:00:00+00:00,EMEA Masters,BO1,Berlin International Gaming,BOMBA Team,0.493989,0.506011,0.493989,0.506011,Berlin International Gaming,Bomba Team,1.0,1.0,GameModelV5_LGBM+XGB+CAT,ok,,ok,2026-09-29 16:00:00,berlin international gaming,bomba team,,,,,,,,False,,,berlin international gaming,bomba team,,,False,,,,,NO BET,,,NO BET,,,NO BET,,,NO BET,,,NO BET,,,NO BET,,NO BET,,
2026-09-29T17:00:00+00:00,EMEA Masters,BO1,Bushido Wildcats,UCAM Esports Club,0.391763,0.608237,0.391763,0.608237,Bushido Wildcats,UCAM Esports,1.0,0.95,GameModelV5_LGBM+XGB+CAT,ok,,ok,2026-09-29 17:00:00,bushido wildcats,ucam esports,,,,,,,,False,,,bushido wildcats,ucam esports,,,False,,,,,NO BET,,,NO BET,,,NO BET,,,NO BET,,,NO BET,,,NO BET,,NO BET,,
2026-09-29T17:00:00+00:00,EMEA Masters,BO1,Kaufland Hangry Knights,Otter Side,0.279161,0.720839,0.279161,0.720839,Kaufland Hangry Knights,Otter Side,1.0,1.0,GameModelV5_LGBM+XGB+CAT,ok,,ok,2026-09-29 17:00:00,kaufland hangry knights,otter side,,,,,,,,False,,,kaufland hangry knights,otter side,,,False,,,,,NO BET,,,NO BET,,,NO BET,,,NO BET,,,NO BET,,,NO BET,,NO BET,,
2026-09-29T17:00:00+00:00,EMEA Masters,BO1,HMBLE,Senshi eSports,0.5,0.5,0.5,0.5,,Senshi Esports Club,0.0,0.95,GameModelV5_LGBM+XGB+CAT,no_roster:HMBLE(no_match:HMBLE),no_roster:HMBLE(no_match:HMBLE),skipped,2026-09-29 17:00:00,nan,senshi esports club,,,,,,,,False,,,nan,senshi esports club,,,False,,,,,NO BET,,,NO BET,,,NO BET,,,NO BET,,,NO BET,,,NO BET,,NO BET,,
2026-09-29T17:00:00+00:00,EMEA Masters,BO1,Team Phantasma,LODIS,0.214732,0.785268,0.214732,0.785268,Team Phantasma,LODIS,1.0,1.0,GameModelV5_LGBM+XGB+CAT,ok,,ok,2026-09-29 17:00:00,team phantasma,lodis,,,,,,,,False,,,team phantasma,lodis,,,False,,,,,NO BET,,,NO BET,,,NO BET,,,NO BET,,,NO BET,,,NO BET,,NO BET,,
2026-09-29T18:00:00+00:00,EMEA Masters,BO3,TLN Pirates,Anubis Gaming,0.13943,0.86057,0.13943,0.86057,TLN Pirates,Anubis Gaming,1.0,1.0,GameModelV5_LGBM+XGB+CAT,ok,,warn:0.235!=0.272,2026-09-29 18:00:00,tln pirates,anubis gaming,,,,,,,,False,,,tln pirates,anubis gaming,,,False,,,,,NO BET,,,NO BET,,,NO BET,,,NO BET,,,NO BET,,,NO BET,,NO BET,,
2026-09-29T18:00:00+00:00,EMEA Masters,BO3,eSuba,White Dragons,0.327952,0.672048,0.327952,0.672048,eSuba,White Dragons,1.0,1.0,GameModelV5_LGBM+XGB+CAT,ok,,ok,2026-09-29 18:00:00,esuba,white dragons,,,,,,,,False,,,esuba,white dragons,,,False,,,,,NO BET,,,NO BET,,,NO BET,,,NO BET,,,NO BET,,,NO BET,,NO BET,,
2026-09-29T18:00:00+00:00,EMEA Masters,BO3,Forsaken,The Secret Club,0.15456,0.84544,0.15456,0.84544,Forsaken,Team Secret,1.0,0.95,GameModelV5_LGBM+XGB+CAT,ok,,ok,2026-09-29 18:00:00,forsaken,team secret,,,,,,,,False,,,forsaken,team secret,,,False,,,,,NO BET,,,NO BET,,,NO BET,,,NO BET,,,NO BET,,,NO BET,,NO BET,,
2026-09-29T18:00:00+00:00,EMEA Masters,BO3,Heretics Academy,Karmine Corp Blue,0.677248,0.322752,0.677248,0.322752,Team Heretics Academy,Karmine Corp Blue,0.95,1.0,GameModelV5_LGBM+XGB+CAT,ok,,ok,2026-09-29 18:00:00,team heretics academy,karmine corp blue,,,,,,,,False,,,team heretics academy,karmine corp blue,,,False,,,,,NO BET,,,NO BET,,,NO BET,,,NO BET,,,NO BET,,,NO BET,,NO BET,,
2026-09-29T21:00:00+00:00,CBLOL,BO5,Estral Esports,9z Globant,0.5,0.5,0.5,0.5,Estral Esports,,1.0,0.0,GameModelV5_LGBM+XGB+CAT,no_roster:9z Globant(no_match:9z Globant),no_roster:9z Globant(no_match:9z Globant),skipped,2026-09-29 21:00:00,estral esports,nan,,,,,,,,False,,,estral esports,nan,,,False,,,,,NO BET,,,NO BET,,,NO BET,,,NO BET,,,NO BET,,,NO BET,,NO BET,,
2026-09-30T00:00:00+00:00,Asian Games,BO1,India,"Hong Kong, China",0.5,0.5,0.5,0.5,,Hong Kong Attitude,0.0,0.667,GameModelV5_LGBM+XGB+CAT,no_roster:India(no_match:India),no_roster:India(no_match:India),skipped,2026-09-30 00:00:00,nan,hong kong attitude,,,,,,,,False,,,nan,hong kong attitude,,,False,,,,,NO BET,,,NO BET,,,NO BET,,,NO BET,,,NO BET,,,NO BET,,NO BET,,
2026-09-30T00:00:00+00:00,Asian Games,BO1,Republic of Korea,Chinese Taipei,0.5,0.5,0.5,0.5,,,0.0,0.0,GameModelV5_LGBM+XGB+CAT,no_roster:Republic of Korea(no_match:Republic of Korea)+Chinese Taipei(no_match:Chinese Taipei),no_roster:Republic of Korea(no_match:Republic of Korea)+Chinese Taipei(no_match:Chinese Taipei),skipped,2026-09-30 00:00:00,nan,nan,,,,,,,,False,,,nan,nan,,,False,,,,,NO BET,,,NO BET,,,NO BET,,,NO BET,,,NO BET,,,NO BET,,NO BET,,
2026-09-30T02:30:00+00:00,Asian Games,BO1,India,Republic of Korea,0.5,0.5,0.5,0.5,,,0.0,0.0,GameModelV5_LGBM+XGB+CAT,no_roster:India(no_match:India)+Republic of Korea(no_match:Republic of Korea),no_roster:India(no_match:India)+Republic of Korea(no_match:Republic of Korea),skipped,2026-09-30 02:30:00,nan,nan,,,,,,,,False,,,nan,nan,,,False,,,,,NO BET,,,NO BET,,,NO BET,,,NO BET,,,NO BET,,,NO BET,,NO BET,,
2026-09-30T02:30:00+00:00,Asian Games,BO1,"Hong Kong, China",Chinese Taipei,0.5,0.5,0.5,0.5,Hong Kong Attitude,,0.667,0.0,GameModelV5_LGBM+XGB+CAT,no_roster:Chinese Taipei(no_match:Chinese Taipei),no_roster:Chinese Taipei(no_match:Chinese Taipei),skipped,2026-09-30 02:30:00,hong kong attitude,nan,,,,,,,,False,,,hong kong attitude,nan,,,False,,,,,NO BET,,,NO BET,,,NO BET,,,NO BET,,,NO BET,,,NO BET,,NO BET,,
2026-09-30T05:00:00+00:00,Asian Games,BO1,India,Chinese Taipei,0.5,0.5,0.5,0.5,,,0.0,0.0,GameModelV5_LGBM+XGB+CAT,no_roster:India(no_match:India)+Chinese Taipei(no_match:Chinese Taipei),no_roster:India(no_match:India)+Chinese Taipei(no_match:Chinese Taipei),skipped,2026-09-30 05:00:00,nan,nan,,,,,,,,False,,,nan,nan,,,False,,,,,NO BET,,,NO BET,,,NO BET,,,NO BET,,,NO BET,,,NO BET,,NO BET,,
2026-09-30T05:00:00+00:00,Asian Games,BO1,"Hong Kong, China",Republic of Korea,0.5,0.5,0.5,0.5,Hong Kong Attitude,,0.667,0.0,GameModelV5_LGBM+XGB+CAT,no_roster:Republic of Korea(no_match:Republic of Korea),no_roster:Republic of Korea(no_match:Republic of Korea),skipped,2026-09-30 05:00:00,hong kong attitude,nan,,,,,,,,False,,,hong kong attitude,nan,,,False,,,,,NO BET,,,NO BET,,,NO BET,,,NO BET,,,NO BET,,,NO BET,,NO BET,,
2026-09-30T06:00:00+00:00,WSCI,BO5,DNS Challengers,Solary,0.5,0.5,0.5,0.5,TSM Challengers,Solary,0.333,1.0,GameModelV5_LGBM+XGB+CAT,"low_confidence:DNS Challengers->TSM Challengers(0.33,fuzzy:tsm challengers)","low_confidence:DNS Challengers->TSM Challengers(0.33,fuzzy:tsm challengers)",skipped,2026-09-30 06:00:00,tsm challengers,solary,,,,,,,,False,,,tsm challengers,solary,,,False,,,,,NO BET,,,NO BET,,,NO BET,,,NO BET,,,NO BET,,,NO BET,,NO BET,,
2026-09-30T09:00:00+00:00,WSCI,BO5,Galions,T1 Esports Academy,0.662381,0.337619,0.662381,0.337619,Galions,T1 Esports Academy,1.0,1.0,GameModelV5_LGBM+XGB+CAT,ok,,ok,2026-09-30 09:00:00,galions,t1 esports academy,,,,,,,,False,,,galions,t1 esports academy,,,False,,,,,NO BET,,,NO BET,,,NO BET,,,NO BET,,,NO BET,,,NO BET,,NO BET,,
2026-09-30T13:00:00+00:00,EMEA Masters,BO3,TBD,TBD,0.5,0.5,0.5,0.5,,,0.0,0.0,GameModelV5_LGBM+XGB+CAT,no_roster:TBD(placeholder)+TBD(placeholder),no_roster:TBD(placeholder)+TBD(placeholder),skipped,2026-09-30 13:00:00,nan,nan,,,,,,,,False,,,nan,nan,,,False,,,,,NO BET,,,NO BET,,,NO BET,,,NO BET,,,NO BET,,,NO BET,,NO BET,,
2026-09-30T14:00:00+00:00,EMEA Masters,BO1,TBD,TBD,0.5,0.5,0.5,0.5,,,0.0,0.0,GameModelV5_LGBM+XGB+CAT,no_roster:TBD(placeholder)+TBD(placeholder),no_roster:TBD(placeholder)+TBD(placeholder),skipped,2026-09-30 14:00:00,nan,nan,,,,,,,,False,,,nan,nan,,,False,,,,,NO BET,,,NO BET,,,NO BET,,,NO BET,,,NO BET,,,NO BET,,NO BET,,
2026-09-30T14:00:00+00:00,EMEA Masters,BO3,TBD,TBD,0.5,0.5,0.5,0.5,,,0.0,0.0,GameModelV5_LGBM+XGB+CAT,no_roster:TBD(placeholder)+TBD(placeholder),no_roster:TBD(placeholder)+TBD(placeholder),skipped,2026-09-30 14:00:00,nan,nan,,,,,,,,False,,,nan,nan,,,False,,,,,NO BET,,,NO BET,,,NO BET,,,NO BET,,,NO BET,,,NO BET,,NO BET,,
2026-09-30T15:00:00+00:00,EMEA Masters,BO1,TBD,TBD,0.5,0.5,0.5,0.5,,,0.0,0.0,GameModelV5_LGBM+XGB+CAT,no_roster:TBD(placeholder)+TBD(placeholder),no_roster:TBD(placeholder)+TBD(placeholder),skipped,2026-09-30 15:00:00,nan,nan,,,,,,,,False,,,nan,nan,,,False,,,,,NO BET,,,NO BET,,,NO BET,,,NO BET,,,NO BET,,,NO BET,,NO BET,,
2026-09-30T16:00:00+00:00,EMEA Masters,BO3,TBD,TBD,0.5,0.5,0.5,0.5,,,0.0,0.0,GameModelV5_LGBM+XGB+CAT,no_roster:TBD(placeholder)+TBD(placeholder),no_roster:TBD(placeholder)+TBD(placeholder),skipped,2026-09-30 16:00:00,nan,nan,,,,,,,,False,,,nan,nan,,,False,,,,,NO BET,,,NO BET,,,NO BET,,,NO BET,,,NO BET,,,NO BET,,NO BET,,
2026-09-30T21:00:00+00:00,CBLOL,BO5,KaBuM! Eports,LOS,0.5,0.5,0.5,0.5,UTeSports,Lotus,0.667,0.75,GameModelV5_LGBM+XGB+CAT,"low_confidence:KaBuM! Eports->UTeSports(0.67,fuzzy:utesports)+LOS->Lotus(0.75,fuzzy:lotus)","low_confidence:KaBuM! Eports->UTeSports(0.67,fuzzy:utesports)+LOS->Lotus(0.75,fuzzy:lotus)",skipped,2026-09-30 21:00:00,utesports,lotus,,,,,,,,False,,,utesports,lotus,,,False,,,,,NO BET,,,NO BET,,,NO BET,,,NO BET,,,NO BET,,,NO BET,,NO BET,,
2026-10-01T00:00:00+00:00,Asian Games,BO3,TBD,TBD,0.5,0.5,0.5,0.5,,,0.0,0.0,GameModelV5_LGBM+XGB+CAT,no_roster:TBD(placeholder)+TBD(placeholder),no_roster:TBD(placeholder)+TBD(placeholder),skipped,2026-10-01 00:00:00,nan,nan,,,,,,,,False,,,nan,nan,,,False,,,,,NO BET,,,NO BET,,,NO BET,,,NO BET,,,NO BET,,,NO BET,,NO BET,,
2026-10-01T04:30:00+00:00,Asian Games,BO3,TBD,TBD,0.5,0.5,0.5,0.5,,,0.0,0.0,GameModelV5_LGBM+XGB+CAT,no_roster:TBD(placeholder)+TBD(placeholder),no_roster:TBD(placeholder)+TBD(placeholder),skipped,2026-10-01 04:30:00,nan,nan,,,,,,,,False,,,nan,nan,,,False,,,,,NO BET,,,NO BET,,,NO BET,,,NO BET,,,NO BET,,,NO BET,,NO BET,,
2026-10-01T15:00:00+00:00,EMEA Masters,BO3,TBD,TBD,0.5,0.5,0.5,0.5,,,0.0,0.0,GameModelV5_LGBM+XGB+CAT,no_roster:TBD(placeholder)+TBD(placeholder),no_roster:TBD(placeholder)+TBD(placeholder),skipped,2026-10-01 15:00:00,nan,nan,,,,,,,,False,,,nan,nan,,,False,,,,,NO BET,,,NO BET,,,NO BET,,,NO BET,,,NO BET,,,NO BET,,NO BET,,
2026-10-01T16:00:00+00:00,EMEA Masters,BO3,TBD,TBD,0.5,0.5,0.5,0.5,,,0.0,0.0,GameModelV5_LGBM+XGB+CAT,no_roster:TBD(placeholder)+TBD(placeholder),no_roster:TBD(placeholder)+TBD(placeholder),skipped,2026-10-01 16:00:00,nan,nan,,,,,,,,False,,,nan,nan,,,False,,,,,NO BET,,,NO BET,,,NO BET,,,NO BET,,,NO BET,,,NO BET,,NO BET,,
2026-10-01T21:00:00+00:00,CBLOL,BO5,TBD,TBD,0.5,0.5,0.5,0.5,,,0.0,0.0,GameModelV5_LGBM+XGB+CAT,no_roster:TBD(placeholder)+TBD(placeholder),no_roster:TBD(placeholder)+TBD(placeholder),skipped,2026-10-01 21:00:00,nan,nan,,,,,,,,False,,,nan,nan,,,False,,,,,NO BET,,,NO BET,,,NO BET,,,NO BET,,,NO BET,,,NO BET,,NO BET,,
2026-10-02T03:00:00+00:00,Asian Games,BO5,TBD,TBD,0.5,0.5,0.5,0.5,,,0.0,0.0,GameModelV5_LGBM+XGB+CAT,no_roster:TBD(placeholder)+TBD(placeholder),no_roster:TBD(placeholder)+TBD(placeholder),skipped,2026-10-02 03:00:00,nan,nan,,,,,,,,False,,,nan,nan,,,False,,,,,NO BET,,,NO BET,,,NO BET,,,NO BET,,,NO BET,,,NO BET,,NO BET,,
2026-10-02T09:00:00+00:00,WSCI,BO5,TBD,TBD,0.5,0.5,0.5,0.5,,,0.0,0.0,GameModelV5_LGBM+XGB+CAT,no_roster:TBD(placeholder)+TBD(placeholder),no_roster:TBD(placeholder)+TBD(placeholder),skipped,2026-10-02 09:00:00,nan,nan,,,,,,,,False,,,nan,nan,,,False,,,,,NO BET,,,NO BET,,,NO BET,,,NO BET,,,NO BET,,,NO BET,,NO BET,,
2026-10-02T15:00:00+00:00,EMEA Masters,BO3,TBD,TBD,0.5,0.5,0.5,0.5,,,0.0,0.0,GameModelV5_LGBM+XGB+CAT,no_roster:TBD(placeholder)+TBD(placeholder),no_roster:TBD(placeholder)+TBD(placeholder),skipped,2026-10-02 15:00:00,nan,nan,,,,,,,,False,,,nan,nan,,,False,,,,,NO BET,,,NO BET,,,NO BET,,,NO BET,,,NO BET,,,NO BET,,NO BET,,
2026-10-02T16:00:00+00:00,EMEA Masters,BO3,TBD,TBD,0.5,0.5,0.5,0.5,,,0.0,0.0,GameModelV5_LGBM+XGB+CAT,no_roster:TBD(placeholder)+TBD(placeholder),no_roster:TBD(placeholder)+TBD(placeholder),skipped,2026-10-02 16:00:00,nan,nan,,,,,,,,False,,,nan,nan,,,False,,,,,NO BET,,,NO BET,,,NO BET,,,NO BET,,,NO BET,,,NO BET,,NO BET,,
2026-10-03T16:00:00+00:00,CBLOL,BO5,FURIA,LOUD,0.693507,0.306493,0.693507,0.306493,FURIA,LOUD,1.0,1.0,GameModelV5_LGBM+XGB+CAT,ok,,ok,2026-10-03 16:00:00,furia,loud,,,,,,,,False,,,furia,loud,,,False,,,,,NO BET,,,NO BET,,,NO BET,,,NO BET,,,NO BET,,,NO BET,,NO BET,,
2026-10-03T20:00:00+00:00,LCS,BO5,LYON,Cloud9 Kia,0.5,0.5,0.5,0.5,LYON,Cloud9,1.0,0.75,GameModelV5_LGBM+XGB+CAT,"low_confidence:Cloud9 Kia->Cloud9(0.75,fuzzy:cloud9)","low_confidence:Cloud9 Kia->Cloud9(0.75,fuzzy:cloud9)",skipped,2026-10-03 20:00:00,lyon,cloud9,,,,,,,,False,,,lyon,cloud9,,,False,,,,,NO BET,,,NO BET,,,NO BET,,,NO BET,,,NO BET,,,NO BET,,NO BET,,
2026-10-04T16:00:00+00:00,EMEA Masters,BO5,TBD,TBD,0.5,0.5,0.5,0.5,,,0.0,0.0,GameModelV5_LGBM+XGB+CAT,no_roster:TBD(placeholder)+TBD(placeholder),no_roster:TBD(placeholder)+TBD(placeholder),skipped,2026-10-04 16:00:00,nan,nan,,,,,,,,False,,,nan,nan,,,False,,,,,NO BET,,,NO BET,,,NO BET,,,NO BET,,,NO BET,,,NO BET,,NO BET,,
2026-10-04T20:00:00+00:00,LCS,BO5,TBD,Team Liquid Alienware,0.5,0.5,0.5,0.5,,Team Liquid Challengers,0.0,0.0,GameModelV5_LGBM+XGB+CAT,no_roster:TBD(placeholder),no_roster:TBD(placeholder),skipped,2026-10-04 20:00:00,nan,team liquid challengers,,,,,,,,False,,,nan,team liquid challengers,,,False,,,,,NO BET,,,NO BET,,,NO BET,,,NO BET,,,NO BET,,,NO BET,,NO BET,,
2026-10-05T20:00:00+00:00,LCS,BO5,Maryville University,Zeu5 Esports,0.5,0.5,0.5,0.5,Maryville University,,1.0,0.0,GameModelV5_LGBM+XGB+CAT,no_roster:Zeu5 Esports(no_match:Zeu5 Esports),no_roster:Zeu5 Esports(no_match:Zeu5 Esports),skipped,2026-10-05 20:00:00,maryville university,nan,,,,,,,,False,,,maryville university,nan,,,False,,,,,NO BET,,,NO BET,,,NO BET,,,NO BET,,,NO BET,,,NO BET,,NO BET,,
2026-10-05T21:00:00+00:00,CBLOL,BO5,TBD,TBD,0.5,0.5,0.5,0.5,,,0.0,0.0,GameModelV5_LGBM+XGB+CAT,no_roster:TBD(placeholder)+TBD(placeholder),no_roster:TBD(placeholder)+TBD(placeholder),skipped,2026-10-05 21:00:00,nan,nan,,,,,,,,False,,,nan,nan,,,False,,,,,NO BET,,,NO BET,,,NO BET,,,NO BET,,,NO BET,,,NO BET,,NO BET,,
2026-10-06T16:00:00+00:00,EMEA Masters,BO5,TBD,TBD,0.5,0.5,0.5,0.5,,,0.0,0.0,GameModelV5_LGBM+XGB+CAT,no_roster:TBD(placeholder)+TBD(placeholder),no_roster:TBD(placeholder)+TBD(placeholder),skipped,2026-10-06 16:00:00,nan,nan,,,,,,,,False,,,nan,nan,,,False,,,,,NO BET,,,NO BET,,,NO BET,,,NO BET,,,NO BET,,,NO BET,,NO BET,,
2026-10-06T20:00:00+00:00,LCS,BO5,Cupid Esports,FUEGO,0.5,0.5,0.5,0.5,Cupid Esports,Team Queso,1.0,0.6,GameModelV5_LGBM+XGB+CAT,"low_confidence:FUEGO->Team Queso(0.60,fuzzy:queso)","low_confidence:FUEGO->Team Queso(0.60,fuzzy:queso)",skipped,2026-10-06 20:00:00,cupid esports,team queso,,,,,,,,False,,,cupid esports,team queso,,,False,,,,,NO BET,,,NO BET,,,NO BET,,,NO BET,,,NO BET,,,NO BET,,NO BET,,
2026-10-06T21:00:00+00:00,CBLOL,BO5,TBD,TBD,0.5,0.5,0.5,0.5,,,0.0,0.0,GameModelV5_LGBM+XGB+CAT,no_roster:TBD(placeholder)+TBD(placeholder),no_roster:TBD(placeholder)+TBD(placeholder),skipped,2026-10-06 21:00:00,nan,nan,,,,,,,,False,,,nan,nan,,,False,,,,,NO BET,,,NO BET,,,NO BET,,,NO BET,,,NO BET,,,NO BET,,NO BET,,
2026-10-07T16:00:00+00:00,EMEA Masters,BO5,TBD,TBD,0.5,0.5,0.5,0.5,,,0.0,0.0,GameModelV5_LGBM+XGB+CAT,no_roster:TBD(placeholder)+TBD(placeholder),no_roster:TBD(placeholder)+TBD(placeholder),skipped,2026-10-07 16:00:00,nan,nan,,,,,,,,False,,,nan,nan,,,False,,,,,NO BET,,,NO BET,,,NO BET,,,NO BET,,,NO BET,,,NO BET,,NO BET,,
2026-10-07T20:00:00+00:00,LCS,BO5,TBD,Disguised,0.5,0.5,0.5,0.5,,Disguised,0.0,1.0,GameModelV5_LGBM+XGB+CAT,no_roster:TBD(placeholder),no_roster:TBD(placeholder),skipped,2026-10-07 20:00:00,nan,disguised,,,,,,,,False,,,nan,disguised,,,False,,,,,NO BET,,,NO BET,,,NO BET,,,NO BET,,,NO BET,,,NO BET,,NO BET,,
2026-10-08T20:00:00+00:00,LCS,BO5,TBD,TBD,0.5,0.5,0.5,0.5,,,0.0,0.0,GameModelV5_LGBM+XGB+CAT,no_roster:TBD(placeholder)+TBD(placeholder),no_roster:TBD(placeholder)+TBD(placeholder),skipped,2026-10-08 20:00:00,nan,nan,,,,,,,,False,,,nan,nan,,,False,,,,,NO BET,,,NO BET,,,NO BET,,,NO BET,,,NO BET,,,NO BET,,NO BET,,
2026-10-09T16:00:00+00:00,EMEA Masters,BO5,TBD,TBD,0.5,0.5,0.5,0.5,,,0.0,0.0,GameModelV5_LGBM+XGB+CAT,no_roster:TBD(placeholder)+TBD(placeholder),no_roster:TBD(placeholder)+TBD(placeholder),skipped,2026-10-09 16:00:00,nan,nan,,,,,,,,False,,,nan,nan,,,False,,,,,NO BET,,,NO BET,,,NO BET,,,NO BET,,,NO BET,,,NO BET,,NO BET,,
2026-10-09T20:00:00+00:00,LCS,BO5,TBD,TBD,0.5,0.5,0.5,0.5,,,0.0,0.0,GameModelV5_LGBM+XGB+CAT,no_roster:TBD(placeholder)+TBD(placeholder),no_roster:TBD(placeholder)+TBD(placeholder),skipped,2026-10-09 20:00:00,nan,nan,,,,,,,,False,,,nan,nan,,,False,,,,,NO BET,,,NO BET,,,NO BET,,,NO BET,,,NO BET,,,NO BET,,NO BET,,
2026-10-10T16:00:00+00:00,CBLOL,BO5,TBD,LOS,0.5,0.5,0.5,0.5,,Lotus,0.0,0.75,GameModelV5_LGBM+XGB+CAT,no_roster:TBD(placeholder),no_roster:TBD(placeholder),skipped,2026-10-10 16:00:00,nan,lotus,,,,,,,,False,,,nan,lotus,,,False,,,,,NO BET,,,NO BET,,,NO BET,,,NO BET,,,NO BET,,,NO BET,,NO BET,,
2026-10-10T16:00:00+00:00,EMEA Masters,BO5,TBD,TBD,0.5,0.5,0.5,0.5,,,0.0,0.0,GameModelV5_LGBM+XGB+CAT,no_roster:TBD(placeholder)+TBD(placeholder),no_roster:TBD(placeholder)+TBD(placeholder),skipped,2026-10-10 16:00:00,nan,nan,,,,,,,,False,,,nan,nan,,,False,,,,,NO BET,,,NO BET,,,NO BET,,,NO BET,,,NO BET,,,NO BET,,NO BET,,
2026-10-10T20:00:00+00:00,LCS,BO5,TBD,TBD,0.5,0.5,0.5,0.5,,,0.0,0.0,GameModelV5_LGBM+XGB+CAT,no_roster:TBD(placeholder)+TBD(placeholder),no_roster:TBD(placeholder)+TBD(placeholder),skipped,2026-10-10 20:00:00,nan,nan,,,,,,,,False,,,nan,nan,,,False,,,,,NO BET,,,NO BET,,,NO BET,,,NO BET,,,NO BET,,,NO BET,,NO BET,,
2026-10-12T20:00:00+00:00,LCS,BO5,TBD,TBD,0.5,0.5,0.5,0.5,,,0.0,0.0,GameModelV5_LGBM+XGB+CAT,no_roster:TBD(placeholder)+TBD(placeholder),no_roster:TBD(placeholder)+TBD(placeholder),skipped,2026-10-12 20:00:00,nan,nan,,,,,,,,False,,,nan,nan,,,False,,,,,NO BET,,,NO BET,,,NO BET,,,NO BET,,,NO BET,,,NO BET,,NO BET,,
2026-10-12T21:00:00+00:00,CBLOL,BO5,TBD,TBD,0.5,0.5,0.5,0.5,,,0.0,0.0,GameModelV5_LGBM+XGB+CAT,no_roster:TBD(placeholder)+TBD(placeholder),no_roster:TBD(placeholder)+TBD(placeholder),skipped,2026-10-12 21:00:00,nan,nan,,,,,,,,False,,,nan,nan,,,False,,,,,NO BET,,,NO BET,,,NO BET,,,NO BET,,,NO BET,,,NO BET,,NO BET,,
2026-10-13T16:00:00+00:00,EMEA Masters,BO5,TBD,TBD,0.5,0.5,0.5,0.5,,,0.0,0.0,GameModelV5_LGBM+XGB+CAT,no_roster:TBD(placeholder)+TBD(placeholder),no_roster:TBD(placeholder)+TBD(placeholder),skipped,2026-10-13 16:00:00,nan,nan,,,,,,,,False,,,nan,nan,,,False,,,,,NO BET,,,NO BET,,,NO BET,,,NO BET,,,NO BET,,,NO BET,,NO BET,,
2026-10-14T16:00:00+00:00,EMEA Masters,BO5,TBD,TBD,0.5,0.5,0.5,0.5,,,0.0,0.0,GameModelV5_LGBM+XGB+CAT,no_roster:TBD(placeholder)+TBD(placeholder),no_roster:TBD(placeholder)+TBD(placeholder),skipped,2026-10-14 16:00:00,nan,nan,,,,,,,,False,,,nan,nan,,,False,,,,,NO BET,,,NO BET,,,NO BET,,,NO BET,,,NO BET,,,NO BET,,NO BET,,
2026-10-23T16:00:00+00:00,EMEA Masters,BO5,TBD,TBD,0.5,0.5,0.5,0.5,,,0.0,0.0,GameModelV5_LGBM+XGB+CAT,no_roster:TBD(placeholder)+TBD(placeholder),no_roster:TBD(placeholder)+TBD(placeholder),skipped,2026-10-23 16:00:00,nan,nan,,,,,,,,False,,,nan,nan,,,False,,,,,NO BET,,,NO BET,,,NO BET,,,NO BET,,,NO BET,,,NO BET,,NO BET,,
